3242,http://d272id9lly1yoc.cloudfront.net/images/3242_457935b723be0972_b.jpg
3243,http://d272id9lly1yoc.cloudfront.net/images/3243_088e115668b68209_b.jpg
3244,http://d272id9lly1yoc.cloudfront.net/images/3244_62446ae264f75a3a_b.jpg
3245,http://d272id9lly1yoc.cloudfront.net/images/3245_d8fbe4d34a29ccc2_b.jpg
3248,http://d272id9lly1yoc.cloudfront.net/images/3248_30815c47d3d77fac_b.jpg
3249,http://d272id9lly1yoc.cloudfront.net/images/3249_541a44c933481532_b.jpg
3250,http://d272id9lly1yoc.cloudfront.net/images/3250_6436876702ed1bef_b.jpg
3263,http://d272id9lly1yoc.cloudfront.net/images/3263_36af506d09738cae_b.jpg
3564,http://d272id9lly1yoc.cloudfront.net/images/3564_3439150ec885b78f_b.jpg
4710,http://d272id9lly1yoc.cloudfront.net/images/4710_742969639e40cfd6_b.jpg
4845,http://d272id9lly1yoc.cloudfront.net/images/4845_d9d197e13a756cc9_b.jpg
5085,http://d272id9lly1yoc.cloudfront.net/images/5085_c7d9d6fe5f413d53_b.jpg
5149,http://d272id9lly1yoc.cloudfront.net/images/5149_02cfcca2a450f84f_b.jpg
5083,http://d272id9lly1yoc.cloudfront.net/images/5083_39cfb52a8a60f7b6_b.jpg
5166,http://d272id9lly1yoc.cloudfront.net/images/5166_db4a1ac514645343_b.jpg
5167,http://d272id9lly1yoc.cloudfront.net/images/5167_5540a879e821204b_b.jpg
6375,http://d272id9lly1yoc.cloudfront.net/images/6375_99048c192dfbb81e_b.jpg
6440,http://d272id9lly1yoc.cloudfront.net/images/6440_f1da74021b74ae94_b.jpg
6489,http://d272id9lly1yoc.cloudfront.net/images/6489_a32846a5eb34f4cd_b.jpg
6458,http://d272id9lly1yoc.cloudfront.net/images/6458_f57416c08c612d29_b.jpg
6515,http://d272id9lly1yoc.cloudfront.net/images/6515_b7331d2fd2bbca4c_b.jpg
6443,http://d272id9lly1yoc.cloudfront.net/images/6443_92899bc531181d0b_b.jpg
6487,http://d272id9lly1yoc.cloudfront.net/images/6487_a6f65c7a1420bb0d_b.jpg
6530,http://d272id9lly1yoc.cloudfront.net/images/6530_6a454c072855ec40_b.jpg
6532,http://d272id9lly1yoc.cloudfront.net/images/6532_e0bbaa749ab8d52e_b.jpg
6549,http://d272id9lly1yoc.cloudfront.net/images/6549_4e0ffe93383c05f5_b.jpg
6553,http://d272id9lly1yoc.cloudfront.net/images/6553_aacce012df7493cc_b.jpg
6562,http://d272id9lly1yoc.cloudfront.net/images/6562_f7406627f6830e9d_b.jpg
6571,http://d272id9lly1yoc.cloudfront.net/images/6571_be863d0cacb91579_b.jpg
6622,http://d272id9lly1yoc.cloudfront.net/images/6622_5a644bec431dd30e_b.jpg
6751,http://d272id9lly1yoc.cloudfront.net/images/6751_53861b7ab7220754_b.jpg
6896,http://d272id9lly1yoc.cloudfront.net/images/6896_a70c47436817ea52_b.jpg
6912,http://d272id9lly1yoc.cloudfront.net/images/6912_ad3346081f0971ec_b.jpg
6916,http://d272id9lly1yoc.cloudfront.net/images/6916_af8c96c7d94da93a_b.jpg
6922,http://d272id9lly1yoc.cloudfront.net/images/6922_afec3e991a0737ff_b.jpg
6924,http://d272id9lly1yoc.cloudfront.net/images/6924_4560cd69312a1a55_b.jpg
6926,http://d272id9lly1yoc.cloudfront.net/images/6926_6b3e135415b1cfa3_b.jpg
6938,http://d272id9lly1yoc.cloudfront.net/images/6938_128b0dfa3c1b623b_b.jpg
6946,http://d272id9lly1yoc.cloudfront.net/images/6946_73c958e7ea00cc7e_b.jpg
6966,http://d272id9lly1yoc.cloudfront.net/images/6966_86c3b2e186180e15_b.jpg
7016,http://d272id9lly1yoc.cloudfront.net/images/7016_08ad7d6ddfdd98c9_b.jpg
6961,http://d272id9lly1yoc.cloudfront.net/images/6961_63decd466081f4d1_b.jpg
6959,http://d272id9lly1yoc.cloudfront.net/images/6959_f5c1c47cfbdaaa0c_b.jpg
7024,http://d272id9lly1yoc.cloudfront.net/images/7024_c4ef91a30ae6f298_b.jpg
7026,http://d272id9lly1yoc.cloudfront.net/images/7026_b78c516c9b1b7f24_b.jpg
7028,http://d272id9lly1yoc.cloudfront.net/images/7028_578a5074b581b476_b.jpg
7031,http://d272id9lly1yoc.cloudfront.net/images/7031_a37950dbdfaa5745_b.jpg
7032,http://d272id9lly1yoc.cloudfront.net/images/7032_2d362a787a62699f_b.jpg
7033,http://d272id9lly1yoc.cloudfront.net/images/7033_6f21a6f36c2c9a8e_b.jpg
7035,http://d272id9lly1yoc.cloudfront.net/images/7035_6b847f2700247aef_b.jpg
7078,http://d272id9lly1yoc.cloudfront.net/images/7078_9c731f952690bad9_b.jpg
7050,http://d272id9lly1yoc.cloudfront.net/images/7050_cfc5ac79fae8085d_b.jpg
7053,http://d272id9lly1yoc.cloudfront.net/images/7053_f62d80061c969fab_b.jpg
7095,http://d272id9lly1yoc.cloudfront.net/images/7095_8daad0f25bc115ba_b.jpg
7096,http://d272id9lly1yoc.cloudfront.net/images/7096_39997c2500d22997_b.jpg
7097,http://d272id9lly1yoc.cloudfront.net/images/7097_dcd122bfab456cdc_b.jpg
7099,http://d272id9lly1yoc.cloudfront.net/images/7099_8a10c4ad4847d32b_b.jpg
7101,http://d272id9lly1yoc.cloudfront.net/images/7101_e7ccf13aa3155080_b.jpg
7102,http://d272id9lly1yoc.cloudfront.net/images/7102_d510f4865b4d0364_b.jpg
7103,http://d272id9lly1yoc.cloudfront.net/images/7103_a15fe8176cbe8daf_b.jpg
7104,http://d272id9lly1yoc.cloudfront.net/images/7104_d2ad39bbf05cb7f8_b.jpg
7105,http://d272id9lly1yoc.cloudfront.net/images/7105_8bc012974196003f_b.jpg
7106,http://d272id9lly1yoc.cloudfront.net/images/7106_3bcd31ad3a7a7d0f_b.jpg
7107,http://d272id9lly1yoc.cloudfront.net/images/7107_aa259814f91dfbfa_b.jpg
7259,http://d272id9lly1yoc.cloudfront.net/images/7259_174532aeb637eab8_b.jpg
7305,http://d272id9lly1yoc.cloudfront.net/images/7305_56786073662c1c3b_b.jpg
7314,http://d272id9lly1yoc.cloudfront.net/images/7314_546bdc06fae21c1c_b.jpg
7316,http://d272id9lly1yoc.cloudfront.net/images/7316_dbbf0ef74d06150a_b.jpg
7322,http://d272id9lly1yoc.cloudfront.net/images/7322_ab0fc9a6779c2f35_b.jpg
7345,http://d272id9lly1yoc.cloudfront.net/images/7345_89931ab74b2ade3c_b.jpg
7990,http://d272id9lly1yoc.cloudfront.net/images/7990_fd63e3e3a0986e51_b.jpg
7991,http://d272id9lly1yoc.cloudfront.net/images/7991_943fe17d6accbe8b_b.jpg
7324,http://d272id9lly1yoc.cloudfront.net/images/7324_5fb8af1ea6ddfa16_b.jpg
7325,http://d272id9lly1yoc.cloudfront.net/images/7325_43ea136b3917b887_b.jpg
7339,http://d272id9lly1yoc.cloudfront.net/images/7339_6fad3ff8a5bda737_b.jpg
7340,http://d272id9lly1yoc.cloudfront.net/images/7340_d8b8607d4dd1d597_b.jpg
7341,http://d272id9lly1yoc.cloudfront.net/images/7341_b86e4e91f27183c6_b.jpg
7342,http://d272id9lly1yoc.cloudfront.net/images/7342_1d4dc76cba1da557_b.jpg
7343,http://d272id9lly1yoc.cloudfront.net/images/7343_d98521780b8d8401_b.jpg
6623,http://d272id9lly1yoc.cloudfront.net/images/6623_e98e4e274d1eea43_b.jpg
6717,http://d272id9lly1yoc.cloudfront.net/images/6717_a528d378392a1a6b_b.jpg
6601,http://d272id9lly1yoc.cloudfront.net/images/6601_dfebfffa2fa8a8e3_b.jpg
6587,http://d272id9lly1yoc.cloudfront.net/images/6587_e3d78e6cd3ed53de_b.jpg
6588,http://d272id9lly1yoc.cloudfront.net/images/6588_d0ebc4f0dcfdefcc_b.jpg
6590,http://d272id9lly1yoc.cloudfront.net/images/6590_77a53b7cbe63eebc_b.jpg
6591,http://d272id9lly1yoc.cloudfront.net/images/6591_b377a1a61fd27ef9_b.jpg
6594,http://d272id9lly1yoc.cloudfront.net/images/6594_323743925c50ea3c_b.jpg
6595,http://d272id9lly1yoc.cloudfront.net/images/6595_29ebcdb88a74e7d3_b.jpg
6596,http://d272id9lly1yoc.cloudfront.net/images/6596_2de7e283581b8e97_b.jpg
6597,http://d272id9lly1yoc.cloudfront.net/images/6597_3b923a1cfa95b6f8_b.jpg
6598,http://d272id9lly1yoc.cloudfront.net/images/6598_0c48e989a313caaa_b.jpg
6599,http://d272id9lly1yoc.cloudfront.net/images/6599_b1efec7d18e1a967_b.jpg
6600,http://d272id9lly1yoc.cloudfront.net/images/6600_589aad878c393cce_b.jpg
6565,http://d272id9lly1yoc.cloudfront.net/images/6565_bf7bc771d4a1797e_b.jpg
6566,http://d272id9lly1yoc.cloudfront.net/images/6566_005221ba8aef43b0_b.jpg
6567,http://d272id9lly1yoc.cloudfront.net/images/6567_60376855425c7267_b.jpg
6568,http://d272id9lly1yoc.cloudfront.net/images/6568_708bc64f76f834d1_b.jpg
6569,http://d272id9lly1yoc.cloudfront.net/images/6569_c9acb3018242d6ea_b.jpg
6570,http://d272id9lly1yoc.cloudfront.net/images/6570_f221368865a37be8_b.jpg
6607,http://d272id9lly1yoc.cloudfront.net/images/6607_rTWlyAE99lpUH83G_b.jpg
6608,http://d272id9lly1yoc.cloudfront.net/images/6608_d2bec1cb342d940f_b.jpg
6609,http://d272id9lly1yoc.cloudfront.net/images/6609_213830614b2312c9_b.jpg
6610,http://d272id9lly1yoc.cloudfront.net/images/6610_3949f364f0e36e0a_b.jpg
6611,http://d272id9lly1yoc.cloudfront.net/images/6611_c924ccb744143f06_b.jpg
6613,http://d272id9lly1yoc.cloudfront.net/images/6613_a8128cb50de3e0be_b.jpg
6614,http://d272id9lly1yoc.cloudfront.net/images/6614_c48a702ce928a9c8_b.jpg
6615,http://d272id9lly1yoc.cloudfront.net/images/6615_a78653fdbd1e74f6_b.jpg
6604,http://d272id9lly1yoc.cloudfront.net/images/6604_5044d764d95980ca_b.jpg
6572,http://d272id9lly1yoc.cloudfront.net/images/6572_29a8dd6157ab8c42_b.jpg
6573,http://d272id9lly1yoc.cloudfront.net/images/6573_04a64654b63a7c06_b.jpg
6617,http://d272id9lly1yoc.cloudfront.net/images/6617_bc91f73ecd12224c_b.jpg
6618,http://d272id9lly1yoc.cloudfront.net/images/6618_5729fc46aaefb843_b.jpg
6619,http://d272id9lly1yoc.cloudfront.net/images/6619_4e28791def825124_b.jpg
6620,http://d272id9lly1yoc.cloudfront.net/images/6620_dcb55832b9d23192_b.jpg
6621,http://d272id9lly1yoc.cloudfront.net/images/6621_090d1ba78031d862_b.jpg
6554,http://d272id9lly1yoc.cloudfront.net/images/6554_bd340dfbe95eea7d_b.jpg
6556,http://d272id9lly1yoc.cloudfront.net/images/6556_366ad065a3c168be_b.jpg
6557,http://d272id9lly1yoc.cloudfront.net/images/6557_0e7a8425fc9021bc_b.jpg
6558,http://d272id9lly1yoc.cloudfront.net/images/6558_25098dfa8737f5f6_b.jpg
6559,http://d272id9lly1yoc.cloudfront.net/images/6559_b46e2a2e472bf647_b.jpg
6560,http://d272id9lly1yoc.cloudfront.net/images/6560_72b036e9b14cd193_b.jpg
6561,http://d272id9lly1yoc.cloudfront.net/images/6561_eff185c014a276a5_b.jpg
6550,http://d272id9lly1yoc.cloudfront.net/images/6550_44203960cfbdb0d1_b.jpg
6551,http://d272id9lly1yoc.cloudfront.net/images/6551_2cb442468a257a2b_b.jpg
6552,http://d272id9lly1yoc.cloudfront.net/images/6552_328cec0d37284ee9_b.jpg
6542,http://d272id9lly1yoc.cloudfront.net/images/6542_c6a16321dceb5332_b.jpg
6543,http://d272id9lly1yoc.cloudfront.net/images/6543_c86b791084affe59_b.jpg
6544,http://d272id9lly1yoc.cloudfront.net/images/6544_556d003fd41d3eb2_b.jpg
6545,http://d272id9lly1yoc.cloudfront.net/images/6545_2a0fc96a4ae34d18_b.jpg
6546,http://d272id9lly1yoc.cloudfront.net/images/6546_4ebf5f73225ab500_b.jpg
6547,http://d272id9lly1yoc.cloudfront.net/images/6547_d6d69107b70773dd_b.jpg
6548,http://d272id9lly1yoc.cloudfront.net/images/6548_b67def50652bc44e_b.jpg
6533,http://d272id9lly1yoc.cloudfront.net/images/6533_caa5d211062601f6_b.jpg
6534,http://d272id9lly1yoc.cloudfront.net/images/6534_472f871e0c7cdd6d_b.jpg
6535,http://d272id9lly1yoc.cloudfront.net/images/6535_fc9df82b428f13e8_b.jpg
6536,http://d272id9lly1yoc.cloudfront.net/images/6536_9c02af8ff7ab05f1_b.jpg
6537,http://d272id9lly1yoc.cloudfront.net/images/6537_96e004dbbcfd66bc_b.jpg
6539,http://d272id9lly1yoc.cloudfront.net/images/6539_d56bc65e8be9eeee_b.jpg
6540,http://d272id9lly1yoc.cloudfront.net/images/6540_87c81a524fae61a8_b.jpg
6531,http://d272id9lly1yoc.cloudfront.net/images/6531_c7678eb0abfc638f_b.jpg
6488,http://d272id9lly1yoc.cloudfront.net/images/6488_82d0fbaeb9494846_b.jpg
6445,http://d272id9lly1yoc.cloudfront.net/images/6445_0491cfb301d1a198_b.jpg
6447,http://d272id9lly1yoc.cloudfront.net/images/6447_84fb275aebc59a77_b.jpg
6450,http://d272id9lly1yoc.cloudfront.net/images/6450_a9f94c4e1b05b65a_b.jpg
6452,http://d272id9lly1yoc.cloudfront.net/images/6452_ad5977cea25c0175_b.jpg
6455,http://d272id9lly1yoc.cloudfront.net/images/6455_7fba053215af862a_b.jpg
6457,http://d272id9lly1yoc.cloudfront.net/images/6457_9959846812ebc59d_b.jpg
6743,http://d272id9lly1yoc.cloudfront.net/images/6743_21386d3369da01ca_b.jpg
6749,http://d272id9lly1yoc.cloudfront.net/images/6749_8bc4efb6f9f66648_b.jpg
6715,http://d272id9lly1yoc.cloudfront.net/images/6715_e1024f811b47ec01_b.jpg
6710,http://d272id9lly1yoc.cloudfront.net/images/6710_275e6cefe056a1ab_b.jpg
6627,http://d272id9lly1yoc.cloudfront.net/images/6627_6bfd3f8037291af1_b.jpg
6628,http://d272id9lly1yoc.cloudfront.net/images/6628_e8ec1b27ca62eb06_b.jpg
6629,http://d272id9lly1yoc.cloudfront.net/images/6629_ba6e92139ed0ea63_b.jpg
6630,http://d272id9lly1yoc.cloudfront.net/images/6630_c33c5433ec2b6a62_b.jpg
6631,http://d272id9lly1yoc.cloudfront.net/images/6631_3e021e3ecb499585_b.jpg
6633,http://d272id9lly1yoc.cloudfront.net/images/6633_2c45ab1dbd8fc68a_b.jpg
6634,http://d272id9lly1yoc.cloudfront.net/images/6634_845866ca28d082c6_b.jpg
6635,http://d272id9lly1yoc.cloudfront.net/images/6635_6d9dc171be75d06a_b.jpg
6636,http://d272id9lly1yoc.cloudfront.net/images/6636_7511e5757a96ad0e_b.jpg
6754,http://d272id9lly1yoc.cloudfront.net/images/6754_eac7185811172bc4_b.jpg
6755,http://d272id9lly1yoc.cloudfront.net/images/6755_8b96333146446a8c_b.jpg
6778,http://d272id9lly1yoc.cloudfront.net/images/6778_a2930445c55fea23_b.jpg
6806,http://d272id9lly1yoc.cloudfront.net/images/6806_9c0f687b8a98318a_b.jpg
6809,http://d272id9lly1yoc.cloudfront.net/images/6809_f75c9d0f84f02bad_b.jpg
6810,http://d272id9lly1yoc.cloudfront.net/images/6810_9Dr5gaBZpEuhNI11_b.jpg
6813,http://d272id9lly1yoc.cloudfront.net/images/6813_4f97b9300735a44c_b.jpg
6814,http://d272id9lly1yoc.cloudfront.net/images/6814_ulGfYVWXd9ZXKfYc_b.jpg
6818,http://d272id9lly1yoc.cloudfront.net/images/6818_27dc65b9c95a44a2_b.jpg
6820,http://d272id9lly1yoc.cloudfront.net/images/6820_0c57b6725ab98eb5_b.jpg
6847,http://d272id9lly1yoc.cloudfront.net/images/6847_a2d42a54c367162d_b.jpg
6848,http://d272id9lly1yoc.cloudfront.net/images/6848_4304730a26382420_b.jpg
6863,http://d272id9lly1yoc.cloudfront.net/images/6863_27a69d8c0b2008e0_b.jpg
6864,http://d272id9lly1yoc.cloudfront.net/images/6864_abfae20e8f175ca3_b.jpg
6865,http://d272id9lly1yoc.cloudfront.net/images/6865_373d8178bd36e8c8_b.jpg
6866,http://d272id9lly1yoc.cloudfront.net/images/6866_436c1729e35009ea_b.jpg
6867,http://d272id9lly1yoc.cloudfront.net/images/6867_f0648dccbcc30b26_b.jpg
6868,http://d272id9lly1yoc.cloudfront.net/images/6868_a5c797ad50700ba8_b.jpg
6869,http://d272id9lly1yoc.cloudfront.net/images/6869_3d14161268755c71_b.jpg
6870,http://d272id9lly1yoc.cloudfront.net/images/6870_eb120327f5e71892_b.jpg
6871,http://d272id9lly1yoc.cloudfront.net/images/6871_2de134795af72a38_b.jpg
6872,http://d272id9lly1yoc.cloudfront.net/images/6872_a1a1819194a33f85_b.jpg
6873,http://d272id9lly1yoc.cloudfront.net/images/6873_c126f2314ada0887_b.jpg
6874,http://d272id9lly1yoc.cloudfront.net/images/6874_e2533f6c86447140_b.jpg
6875,http://d272id9lly1yoc.cloudfront.net/images/6875_5ecf0a3fd4172a45_b.jpg
6893,http://d272id9lly1yoc.cloudfront.net/images/6893_b66d428332bb2671_b.jpg
6894,http://d272id9lly1yoc.cloudfront.net/images/6894_00cda6d7a951c585_b.jpg
6967,http://d272id9lly1yoc.cloudfront.net/images/6967_8ppIzXPAmTzkXyVx_b.jpg
6969,http://d272id9lly1yoc.cloudfront.net/images/6969_0f2e141eb6b163e6_b.jpg
6981,http://d272id9lly1yoc.cloudfront.net/images/6981_496419c4e5cbd1bb_b.jpg
6982,http://d272id9lly1yoc.cloudfront.net/images/6982_df8365947af430f9_b.jpg
6983,http://d272id9lly1yoc.cloudfront.net/images/6983_f7a5920495564ca5_b.jpg
6984,http://d272id9lly1yoc.cloudfront.net/images/6984_ca2b88933f0302ca_b.jpg
6985,http://d272id9lly1yoc.cloudfront.net/images/6985_edc151128096e7c9_b.jpg
6986,http://d272id9lly1yoc.cloudfront.net/images/6986_224edf3947f58a10_b.jpg
6987,http://d272id9lly1yoc.cloudfront.net/images/6987_ddf80d4819962e89_b.jpg
6988,http://d272id9lly1yoc.cloudfront.net/images/6988_aWd4cmBFJPwDvFNX_b.jpg
6947,http://d272id9lly1yoc.cloudfront.net/images/6947_f5803d3d9a018e5b_b.jpg
6948,http://d272id9lly1yoc.cloudfront.net/images/6948_ygj0sa0rD8nrDCjO_b.jpg
6949,http://d272id9lly1yoc.cloudfront.net/images/6949_2be7cb0678a0d216_b.jpg
6951,http://d272id9lly1yoc.cloudfront.net/images/6951_9dc47dd2ad1226a2_b.jpg
6952,http://d272id9lly1yoc.cloudfront.net/images/6952_3df181cecfe3901e_b.jpg
6953,http://d272id9lly1yoc.cloudfront.net/images/6953_ea6eba956e9eea4b_b.jpg
6955,http://d272id9lly1yoc.cloudfront.net/images/6955_6acc2267f002d57c_b.jpg
6956,http://d272id9lly1yoc.cloudfront.net/images/6956_ae1ab5dea28cadf9_b.jpg
6940,http://d272id9lly1yoc.cloudfront.net/images/6940_b299145feb6f597e_b.jpg
6941,http://d272id9lly1yoc.cloudfront.net/images/6941_774497e427f35648_b.jpg
6942,http://d272id9lly1yoc.cloudfront.net/images/6942_8fdf49c203c079ab_b.jpg
6943,http://d272id9lly1yoc.cloudfront.net/images/6943_77e65ecf99279402_b.jpg
6944,http://d272id9lly1yoc.cloudfront.net/images/6944_519d1c60c9437111_b.jpg
6945,http://d272id9lly1yoc.cloudfront.net/images/6945_2a5da7941e1e5e08_b.jpg
6929,http://d272id9lly1yoc.cloudfront.net/images/6929_3ec669de02478f37_b.jpg
6930,http://d272id9lly1yoc.cloudfront.net/images/6930_44dde2a852633c45_b.jpg
6914,http://d272id9lly1yoc.cloudfront.net/images/6914_63f46f40a29beb0e_b.jpg
6915,http://d272id9lly1yoc.cloudfront.net/images/6915_85f2dc8439a49a12_b.jpg
6906,http://d272id9lly1yoc.cloudfront.net/images/6906_3c32b4fcdfe9998f_b.jpg
6907,http://d272id9lly1yoc.cloudfront.net/images/6907_e4be8afb033ca3f6_b.jpg
6910,http://d272id9lly1yoc.cloudfront.net/images/6910_9bfe87aef03c392f_b.jpg
27714,http://d272id9lly1yoc.cloudfront.net/images/27714_8oiYjfmkRIRwFfWZ_b.jpg
27715,http://d272id9lly1yoc.cloudfront.net/images/27715_PyWCfPL9MlOpShcD_b.jpg
7986,http://d272id9lly1yoc.cloudfront.net/images/7986_3aa265b01d895b3c_b.jpg
7988,http://d272id9lly1yoc.cloudfront.net/images/7988_667a45ffcd51de3d_b.jpg
7995,http://d272id9lly1yoc.cloudfront.net/images/7995_fbed8e7081a971b3_b.jpg
7997,http://d272id9lly1yoc.cloudfront.net/images/7997_1fe8b8e91037a734_b.jpg
7999,http://d272id9lly1yoc.cloudfront.net/images/7999_a9647b32ff5045ab_b.jpg
8002,http://d272id9lly1yoc.cloudfront.net/images/8002_1e6636da14649b7b_b.jpg
8003,http://d272id9lly1yoc.cloudfront.net/images/8003_ae89c31a0564c025_b.jpg
8005,http://d272id9lly1yoc.cloudfront.net/images/8005_dca7922f4545df1f_b.jpg
8007,http://d272id9lly1yoc.cloudfront.net/images/8007_c2b46815821c794d_b.jpg
8009,http://d272id9lly1yoc.cloudfront.net/images/8009_f73b4a0059bdeaa5_b.jpg
8094,http://d272id9lly1yoc.cloudfront.net/images/8094_967b17519183512b_b.jpg
8119,http://d272id9lly1yoc.cloudfront.net/images/8119_b3f7b471a92c0bd8_b.jpg
8160,http://d272id9lly1yoc.cloudfront.net/images/8160_2509910748dbe69e_b.jpg
8314,http://d272id9lly1yoc.cloudfront.net/images/8314_1252158f67a77507_b.jpg
8326,http://d272id9lly1yoc.cloudfront.net/images/8326_e59460c9524fadec_b.jpg
8327,http://d272id9lly1yoc.cloudfront.net/images/8327_5d2e7472b80232cb_b.jpg
8391,http://d272id9lly1yoc.cloudfront.net/images/8391_b6db4a21c8985ab6_b.jpg
7353,http://d272id9lly1yoc.cloudfront.net/images/7353_dfea97107d04f172_b.jpg
7354,http://d272id9lly1yoc.cloudfront.net/images/7354_602f202b8ca3b2bf_b.jpg
7355,http://d272id9lly1yoc.cloudfront.net/images/7355_20389f4876cbad85_b.jpg
7361,http://d272id9lly1yoc.cloudfront.net/images/7361_3733975a64ad8b4c_b.jpg
7362,http://d272id9lly1yoc.cloudfront.net/images/7362_c8c7f78a62adc7f9_b.jpg
7413,http://d272id9lly1yoc.cloudfront.net/images/7413_b68ab86150f1bba0_b.jpg
7425,http://d272id9lly1yoc.cloudfront.net/images/7425_41b1677aea7fd281_b.jpg
7527,http://d272id9lly1yoc.cloudfront.net/images/7527_91a653be4614dbd0_b.jpg
7528,http://d272id9lly1yoc.cloudfront.net/images/7528_1f1f50ee1f224633_b.jpg
7529,http://d272id9lly1yoc.cloudfront.net/images/7529_roqcoWLF0BsdTIBp_b.jpg
7530,http://d272id9lly1yoc.cloudfront.net/images/7530_1f3c0c247c89c216_b.jpg
7917,http://d272id9lly1yoc.cloudfront.net/images/7917_009cd6004a541ed8_b.jpg
7918,http://d272id9lly1yoc.cloudfront.net/images/7918_0267cbd3a8d98005_b.jpg
7919,http://d272id9lly1yoc.cloudfront.net/images/7919_1e71cb32a9dc23c6_b.jpg
7920,http://d272id9lly1yoc.cloudfront.net/images/7920_957d1a80aa08addd_b.jpg
7921,http://d272id9lly1yoc.cloudfront.net/images/7921_41dcac1f74fb681c_b.jpg
7922,http://d272id9lly1yoc.cloudfront.net/images/7922_f5e82f217ce71657_b.jpg
7923,http://d272id9lly1yoc.cloudfront.net/images/7923_b893da14c080e68e_b.jpg
7924,http://d272id9lly1yoc.cloudfront.net/images/7924_282d69dc68fd774e_b.jpg
7925,http://d272id9lly1yoc.cloudfront.net/images/7925_81538f23f46f9b91_b.jpg
7926,http://d272id9lly1yoc.cloudfront.net/images/7926_2ddbb93bc85a6124_b.jpg
7927,http://d272id9lly1yoc.cloudfront.net/images/7927_7572eee572749852_b.jpg
7928,http://d272id9lly1yoc.cloudfront.net/images/7928_599f9495211839a6_b.jpg
7953,http://d272id9lly1yoc.cloudfront.net/images/7953_ce0b4ecb258818c3_b.jpg
7323,http://d272id9lly1yoc.cloudfront.net/images/7323_aa8f455e130147c2_b.jpg
7311,http://d272id9lly1yoc.cloudfront.net/images/7311_abdc2b2bf473d75f_b.jpg
6958,http://d272id9lly1yoc.cloudfront.net/images/6958_f1ff76cfd6388589_b.jpg
7077,http://d272id9lly1yoc.cloudfront.net/images/7077_f91d8fcacbdb8384_b.jpg
7199,http://d272id9lly1yoc.cloudfront.net/images/7199_2b67a5a538635d46_b.jpg
7254,http://d272id9lly1yoc.cloudfront.net/images/7254_a0f035e10f24299d_b.jpg
7074,http://d272id9lly1yoc.cloudfront.net/images/7074_20770b0324bb99d1_b.jpg
7079,http://d272id9lly1yoc.cloudfront.net/images/7079_29719248334c049a_b.jpg
7080,http://d272id9lly1yoc.cloudfront.net/images/7080_53d3b1ae23d1c256_b.jpg
7081,http://d272id9lly1yoc.cloudfront.net/images/7081_24346fc2a8424380_b.jpg
7082,http://d272id9lly1yoc.cloudfront.net/images/7082_525a2730f4502d06_b.jpg
7083,http://d272id9lly1yoc.cloudfront.net/images/7083_dd4f1bcf38b58e6f_b.jpg
7085,http://d272id9lly1yoc.cloudfront.net/images/7085_678dc7656ad0b8dc_b.jpg
7086,http://d272id9lly1yoc.cloudfront.net/images/7086_30b5744cf26e580c_b.jpg
7087,http://d272id9lly1yoc.cloudfront.net/images/7087_48883947846ce0d5_b.jpg
7088,http://d272id9lly1yoc.cloudfront.net/images/7088_5229ab909afba3e8_b.jpg
7089,http://d272id9lly1yoc.cloudfront.net/images/7089_c5663a90f61fbedc_b.jpg
7090,http://d272id9lly1yoc.cloudfront.net/images/7090_cf588e6aa52641a5_b.jpg
7091,http://d272id9lly1yoc.cloudfront.net/images/7091_6a94d46bb3b867aa_b.jpg
7092,http://d272id9lly1yoc.cloudfront.net/images/7092_f001c6866f98f5cd_b.jpg
7094,http://d272id9lly1yoc.cloudfront.net/images/7094_ac6cd94e2ff532e7_b.jpg
7036,http://d272id9lly1yoc.cloudfront.net/images/7036_6a78c4ad972a8d51_b.jpg
7037,http://d272id9lly1yoc.cloudfront.net/images/7037_df6efb5c230bf488_b.jpg
7038,http://d272id9lly1yoc.cloudfront.net/images/7038_7c27f84a25f15f32_b.jpg
7039,http://d272id9lly1yoc.cloudfront.net/images/7039_ff759a22a6a78baf_b.jpg
7040,http://d272id9lly1yoc.cloudfront.net/images/7040_b193c301189e5128_b.jpg
7041,http://d272id9lly1yoc.cloudfront.net/images/7041_66d1be8c95ad587c_b.jpg
7042,http://d272id9lly1yoc.cloudfront.net/images/7042_40b7a2fcbfd3b7ba_b.jpg
7047,http://d272id9lly1yoc.cloudfront.net/images/7047_54b560f177b22627_b.jpg
7049,http://d272id9lly1yoc.cloudfront.net/images/7049_803e7dcf278e8174_b.jpg
7025,http://d272id9lly1yoc.cloudfront.net/images/7025_0d91ea51bcbf97b6_b.jpg
6960,http://d272id9lly1yoc.cloudfront.net/images/6960_048e68f5a5dd60a0_b.jpg
6962,http://d272id9lly1yoc.cloudfront.net/images/6962_170722442aecd255_b.jpg
6963,http://d272id9lly1yoc.cloudfront.net/images/6963_aed17f5105e938ef_b.jpg
6964,http://d272id9lly1yoc.cloudfront.net/images/6964_f3a00371b3fbd3b2_b.jpg
6965,http://d272id9lly1yoc.cloudfront.net/images/6965_e2c5146fb6f370d2_b.jpg
7017,http://d272id9lly1yoc.cloudfront.net/images/7017_b1394781b1ee37d3_b.jpg
7018,http://d272id9lly1yoc.cloudfront.net/images/7018_2865a9a508d41ae5_b.jpg
7019,http://d272id9lly1yoc.cloudfront.net/images/7019_cd449ce94b27010d_b.jpg
7020,http://d272id9lly1yoc.cloudfront.net/images/7020_f725dc6364e5602a_b.jpg
7021,http://d272id9lly1yoc.cloudfront.net/images/7021_472283776143ac9f_b.jpg
7022,http://d272id9lly1yoc.cloudfront.net/images/7022_db97fd53c1a1ae3f_b.jpg
7023,http://d272id9lly1yoc.cloudfront.net/images/7023_80d1b56f99220e25_b.jpg
6990,http://d272id9lly1yoc.cloudfront.net/images/6990_3b8Uf5lvJeifkxJq_b.jpg
6991,http://d272id9lly1yoc.cloudfront.net/images/6991_5d9334543dc8d138_b.jpg
6992,http://d272id9lly1yoc.cloudfront.net/images/6992_26c6598196879dfc_b.jpg
6993,http://d272id9lly1yoc.cloudfront.net/images/6993_517c89424447f352_b.jpg
6994,http://d272id9lly1yoc.cloudfront.net/images/6994_ab58ff1f18ba4d3f_b.jpg
6995,http://d272id9lly1yoc.cloudfront.net/images/6995_83c712e42c9359f7_b.jpg
6996,http://d272id9lly1yoc.cloudfront.net/images/6996_bb78684714e02476_b.jpg
6997,http://d272id9lly1yoc.cloudfront.net/images/6997_0d4e55dd56ef9221_b.jpg
6998,http://d272id9lly1yoc.cloudfront.net/images/6998_01ac7d12f6dfeea6_b.jpg
6999,http://d272id9lly1yoc.cloudfront.net/images/6999_42f304823a63a2c6_b.jpg
7000,http://d272id9lly1yoc.cloudfront.net/images/7000_4f88321d5e9f07c2_b.jpg
7001,http://d272id9lly1yoc.cloudfront.net/images/7001_d59328e396207eb7_b.jpg
7002,http://d272id9lly1yoc.cloudfront.net/images/7002_179b2bd47ec4a23d_b.jpg
7003,http://d272id9lly1yoc.cloudfront.net/images/7003_6b1735bbc5f2ee6f_b.jpg
7004,http://d272id9lly1yoc.cloudfront.net/images/7004_65a8aee243392af4_b.jpg
7005,http://d272id9lly1yoc.cloudfront.net/images/7005_c507e4ffafd37dd5_b.jpg
7006,http://d272id9lly1yoc.cloudfront.net/images/7006_f4c8c3f827d5c656_b.jpg
7007,http://d272id9lly1yoc.cloudfront.net/images/7007_23afada1d4381cd2_b.jpg
7008,http://d272id9lly1yoc.cloudfront.net/images/7008_7d51fb510dd4b615_b.jpg
7009,http://d272id9lly1yoc.cloudfront.net/images/7009_dc7bbbe48b6eda4a_b.jpg
7010,http://d272id9lly1yoc.cloudfront.net/images/7010_66443590844d62b6_b.jpg
7011,http://d272id9lly1yoc.cloudfront.net/images/7011_44f5827464213674_b.jpg
7012,http://d272id9lly1yoc.cloudfront.net/images/7012_cc78a4714a8fd153_b.jpg
7013,http://d272id9lly1yoc.cloudfront.net/images/7013_d66a29e8aa22907d_b.jpg
7014,http://d272id9lly1yoc.cloudfront.net/images/7014_e4308a3ead40a0ee_b.jpg
7015,http://d272id9lly1yoc.cloudfront.net/images/7015_40714dca499acc1d_b.jpg
6516,http://d272id9lly1yoc.cloudfront.net/images/6516_4341f845f87cd367_b.jpg
6517,http://d272id9lly1yoc.cloudfront.net/images/6517_a16839c3bfcfa0b5_b.jpg
6518,http://d272id9lly1yoc.cloudfront.net/images/6518_a7dd1899ad847e09_b.jpg
6519,http://d272id9lly1yoc.cloudfront.net/images/6519_4be700d555fe5f77_b.jpg
6520,http://d272id9lly1yoc.cloudfront.net/images/6520_520c74adb1719019_b.jpg
6521,http://d272id9lly1yoc.cloudfront.net/images/6521_f533d7848d14e00c_b.jpg
6522,http://d272id9lly1yoc.cloudfront.net/images/6522_03bfdf502cfe1536_b.jpg
6523,http://d272id9lly1yoc.cloudfront.net/images/6523_47d90f36a97bdafd_b.jpg
6524,http://d272id9lly1yoc.cloudfront.net/images/6524_cfa556de20761979_b.jpg
6525,http://d272id9lly1yoc.cloudfront.net/images/6525_3db27b9d7c6be38b_b.jpg
6526,http://d272id9lly1yoc.cloudfront.net/images/6526_d77de73062a09be0_b.jpg
6527,http://d272id9lly1yoc.cloudfront.net/images/6527_bc32abf47bf2ad2f_b.jpg
6528,http://d272id9lly1yoc.cloudfront.net/images/6528_68a39a1f5cc9d142_b.jpg
6529,http://d272id9lly1yoc.cloudfront.net/images/6529_b93a41566edc2672_b.jpg
6460,http://d272id9lly1yoc.cloudfront.net/images/6460_8d6e1a723f536d2d_b.jpg
6462,http://d272id9lly1yoc.cloudfront.net/images/6462_19e9d8826876ecca_b.jpg
6463,http://d272id9lly1yoc.cloudfront.net/images/6463_1c2e5a940b461df4_b.jpg
6465,http://d272id9lly1yoc.cloudfront.net/images/6465_d6cf27ba746ca73d_b.jpg
6467,http://d272id9lly1yoc.cloudfront.net/images/6467_961f07284a6403db_b.jpg
6468,http://d272id9lly1yoc.cloudfront.net/images/6468_6f75449d63d8b8ba_b.jpg
6471,http://d272id9lly1yoc.cloudfront.net/images/6471_014b8e40482a9da7_b.jpg
6474,http://d272id9lly1yoc.cloudfront.net/images/6474_cbb5707ecb129677_b.jpg
6475,http://d272id9lly1yoc.cloudfront.net/images/6475_k4jjdGyttHBeCWyQ_b.jpg
6476,http://d272id9lly1yoc.cloudfront.net/images/6476_3be51c43795a8c81_b.jpg
6477,http://d272id9lly1yoc.cloudfront.net/images/6477_b53476646cb94df9_b.jpg
6478,http://d272id9lly1yoc.cloudfront.net/images/6478_2fed0019be97cd0c_b.jpg
6479,http://d272id9lly1yoc.cloudfront.net/images/6479_92e1e0e73e8b0f0a_b.jpg
6486,http://d272id9lly1yoc.cloudfront.net/images/6486_7c640071cd613eab_b.jpg
6490,http://d272id9lly1yoc.cloudfront.net/images/6490_7f329c2520d79557_b.jpg
6492,http://d272id9lly1yoc.cloudfront.net/images/6492_6fac7937c1a919ea_b.jpg
6493,http://d272id9lly1yoc.cloudfront.net/images/6493_8d585825eabb13f4_b.jpg
6494,http://d272id9lly1yoc.cloudfront.net/images/6494_c2408311bc71c4c2_b.jpg
6495,http://d272id9lly1yoc.cloudfront.net/images/6495_7019e10e79d7a0ae_b.jpg
6496,http://d272id9lly1yoc.cloudfront.net/images/6496_2fba8cf1df506127_b.jpg
6497,http://d272id9lly1yoc.cloudfront.net/images/6497_56c8c09c54aa607e_b.jpg
6498,http://d272id9lly1yoc.cloudfront.net/images/6498_34d16274b3a0d74a_b.jpg
6499,http://d272id9lly1yoc.cloudfront.net/images/6499_faacd4ed176eaf55_b.jpg
6500,http://d272id9lly1yoc.cloudfront.net/images/6500_253056e357816463_b.jpg
6502,http://d272id9lly1yoc.cloudfront.net/images/6502_2b2bde2c56cc20ad_b.jpg
6505,http://d272id9lly1yoc.cloudfront.net/images/6505_b276739caa619349_b.jpg
6507,http://d272id9lly1yoc.cloudfront.net/images/6507_b05456bc79af9c7f_b.jpg
6508,http://d272id9lly1yoc.cloudfront.net/images/6508_0cf9e49f8bbebf78_b.jpg
6509,http://d272id9lly1yoc.cloudfront.net/images/6509_e08b867c653ebbb7_b.jpg
6511,http://d272id9lly1yoc.cloudfront.net/images/6511_1812c83c48ef474e_b.jpg
6513,http://d272id9lly1yoc.cloudfront.net/images/6513_bfcec22332c2e7c5_b.jpg
6442,http://d272id9lly1yoc.cloudfront.net/images/6442_2f6f10193d102ccd_b.jpg
6371,http://d272id9lly1yoc.cloudfront.net/images/6371_5d2f395c431f875a_b.jpg
6374,http://d272id9lly1yoc.cloudfront.net/images/6374_5be715ee99e2580b_b.jpg
6360,http://d272id9lly1yoc.cloudfront.net/images/6360_7916007e3705309c_b.jpg
6361,http://d272id9lly1yoc.cloudfront.net/images/6361_3231a9f4dcbaa5ce_b.jpg
6362,http://d272id9lly1yoc.cloudfront.net/images/6362_d16bf39e5df09c45_b.jpg
6363,http://d272id9lly1yoc.cloudfront.net/images/6363_9b21b9f50befbd04_b.jpg
6364,http://d272id9lly1yoc.cloudfront.net/images/6364_be4edfeeaa749252_b.jpg
6365,http://d272id9lly1yoc.cloudfront.net/images/6365_d8a10db7f6e31acb_b.jpg
6376,http://d272id9lly1yoc.cloudfront.net/images/6376_ba63b0c0d768777e_b.jpg
6378,http://d272id9lly1yoc.cloudfront.net/images/6378_7de9a2a7b685a5dc_b.jpg
6379,http://d272id9lly1yoc.cloudfront.net/images/6379_476820cf90113954_b.jpg
6381,http://d272id9lly1yoc.cloudfront.net/images/6381_2d2b03597a7d1241_b.jpg
6382,http://d272id9lly1yoc.cloudfront.net/images/6382_8c5185a5c3693a04_b.jpg
6383,http://d272id9lly1yoc.cloudfront.net/images/6383_164a702c350ad456_b.jpg
6385,http://d272id9lly1yoc.cloudfront.net/images/6385_6aa603183a7775dc_b.jpg
6387,http://d272id9lly1yoc.cloudfront.net/images/6387_4c710e42d52b2ece_b.jpg
6437,http://d272id9lly1yoc.cloudfront.net/images/6437_1a7f9342e2c0fa7b_b.jpg
6438,http://d272id9lly1yoc.cloudfront.net/images/6438_12a78507f04dd475_b.jpg
6439,http://d272id9lly1yoc.cloudfront.net/images/6439_7a80d1fd047f4e1a_b.jpg
6305,http://d272id9lly1yoc.cloudfront.net/images/6305_ebdea13578ba4af1_b.jpg
6306,http://d272id9lly1yoc.cloudfront.net/images/6306_95c0ae4bd4ea2a6c_b.jpg
6307,http://d272id9lly1yoc.cloudfront.net/images/6307_da79cef2f5bd3c70_b.jpg
6308,http://d272id9lly1yoc.cloudfront.net/images/6308_aa5d4658ad180bd0_b.jpg
6312,http://d272id9lly1yoc.cloudfront.net/images/6312_7c23b5711dbed59d_b.jpg
6315,http://d272id9lly1yoc.cloudfront.net/images/6315_8234dde0c2952b20_b.jpg
6324,http://d272id9lly1yoc.cloudfront.net/images/6324_81530e6a8d5be204_b.jpg
6325,http://d272id9lly1yoc.cloudfront.net/images/6325_fd7fcff908b3bafb_b.jpg
6326,http://d272id9lly1yoc.cloudfront.net/images/6326_e693364ec5bb91a5_b.jpg
6327,http://d272id9lly1yoc.cloudfront.net/images/6327_5a1ce1826700d88d_b.jpg
6348,http://d272id9lly1yoc.cloudfront.net/images/6348_ebee6e818df9538e_b.jpg
6349,http://d272id9lly1yoc.cloudfront.net/images/6349_fed05c7d8ba59464_b.jpg
6350,http://d272id9lly1yoc.cloudfront.net/images/6350_T3LrLglensjKb4nO_b.jpg
6351,http://d272id9lly1yoc.cloudfront.net/images/6351_cbf82c93d616987e_b.jpg
6352,http://d272id9lly1yoc.cloudfront.net/images/6352_c1a402c7791c2b09_b.jpg
6353,http://d272id9lly1yoc.cloudfront.net/images/6353_iYFI6tdjpGYcwOn5_b.jpg
6354,http://d272id9lly1yoc.cloudfront.net/images/6354_f0dffb4d39948f8d_b.jpg
6355,http://d272id9lly1yoc.cloudfront.net/images/6355_541b3e6597775945_b.jpg
6356,http://d272id9lly1yoc.cloudfront.net/images/6356_179527a5868d0390_b.jpg
6357,http://d272id9lly1yoc.cloudfront.net/images/6357_f73d8e0b6039007a_b.jpg
6358,http://d272id9lly1yoc.cloudfront.net/images/6358_5c61ded31b058cb7_b.jpg
5084,http://d272id9lly1yoc.cloudfront.net/images/5084_aaf909aac4cb597c_b.jpg
3192,http://d272id9lly1yoc.cloudfront.net/images/3192_e9a6111c6bead587_b.jpg
3193,http://d272id9lly1yoc.cloudfront.net/images/3193_4b242ae49a22660a_b.jpg
3199,http://d272id9lly1yoc.cloudfront.net/images/3199_92680e24291aa4fa_b.jpg
3200,http://d272id9lly1yoc.cloudfront.net/images/3200_29e4fdfc3891bf1d_b.jpg
3210,http://d272id9lly1yoc.cloudfront.net/images/3210_97c139b0205bfd88_b.jpg
5139,http://d272id9lly1yoc.cloudfront.net/images/5139_59f26dc32055bc99_b.jpg
5140,http://d272id9lly1yoc.cloudfront.net/images/5140_abcc82a2798bdac6_b.jpg
5141,http://d272id9lly1yoc.cloudfront.net/images/5141_9bd22713772ac140_b.jpg
5142,http://d272id9lly1yoc.cloudfront.net/images/5142_25c3edf99e19edc1_b.jpg
5143,http://d272id9lly1yoc.cloudfront.net/images/5143_e0cf8904cd8583a9_b.jpg
5144,http://d272id9lly1yoc.cloudfront.net/images/5144_89c8ba6b49c3b600_b.jpg
5145,http://d272id9lly1yoc.cloudfront.net/images/5145_d0259f99f6cd1509_b.jpg
5146,http://d272id9lly1yoc.cloudfront.net/images/5146_2bf87b74d1ba835c_b.jpg
5147,http://d272id9lly1yoc.cloudfront.net/images/5147_36186ffb373d5461_b.jpg
5148,http://d272id9lly1yoc.cloudfront.net/images/5148_90a1448bcbe91220_b.jpg
5150,http://d272id9lly1yoc.cloudfront.net/images/5150_a2bf2b70bc76d789_b.jpg
5151,http://d272id9lly1yoc.cloudfront.net/images/5151_c129d947bcfdff0d_b.jpg
5153,http://d272id9lly1yoc.cloudfront.net/images/5153_0a7eca63c99ee130_b.jpg
5154,http://d272id9lly1yoc.cloudfront.net/images/5154_dfd23d6e1f2672f5_b.jpg
5155,http://d272id9lly1yoc.cloudfront.net/images/5155_c1c2638793b90290_b.jpg
5156,http://d272id9lly1yoc.cloudfront.net/images/5156_8766099d4f2b1181_b.jpg
5157,http://d272id9lly1yoc.cloudfront.net/images/5157_7b4f9c906bab2748_b.jpg
5158,http://d272id9lly1yoc.cloudfront.net/images/5158_0cbad24970a18c65_b.jpg
5159,http://d272id9lly1yoc.cloudfront.net/images/5159_bef7aa3b867b622a_b.jpg
5160,http://d272id9lly1yoc.cloudfront.net/images/5160_8cdb5655590df226_b.jpg
5161,http://d272id9lly1yoc.cloudfront.net/images/5161_bec1b8820cd6061e_b.jpg
5162,http://d272id9lly1yoc.cloudfront.net/images/5162_7fc2d62180bc93af_b.jpg
5163,http://d272id9lly1yoc.cloudfront.net/images/5163_5a21758781c2d0be_b.jpg
5164,http://d272id9lly1yoc.cloudfront.net/images/5164_413b7819a97baeac_b.jpg
5165,http://d272id9lly1yoc.cloudfront.net/images/5165_f7cd8d6b583754fa_b.jpg
5086,http://d272id9lly1yoc.cloudfront.net/images/5086_065c8bee8424f8e6_b.jpg
5087,http://d272id9lly1yoc.cloudfront.net/images/5087_bb7fb316f2794acf_b.jpg
5088,http://d272id9lly1yoc.cloudfront.net/images/5088_9bec552d2508a910_b.jpg
5089,http://d272id9lly1yoc.cloudfront.net/images/5089_a9b606c42572ffbb_b.jpg
5090,http://d272id9lly1yoc.cloudfront.net/images/5090_148ff162cbeb9cf9_b.jpg
5091,http://d272id9lly1yoc.cloudfront.net/images/5091_0272a3fb3bb88a79_b.jpg
5092,http://d272id9lly1yoc.cloudfront.net/images/5092_c060e112f9bb49ed_b.jpg
5093,http://d272id9lly1yoc.cloudfront.net/images/5093_bdcc702d00e7869d_b.jpg
5094,http://d272id9lly1yoc.cloudfront.net/images/5094_e82c7ee7a7cf6345_b.jpg
5095,http://d272id9lly1yoc.cloudfront.net/images/5095_1221f47efb9b5ee4_b.jpg
5096,http://d272id9lly1yoc.cloudfront.net/images/5096_7dd1354ddfdaea4b_b.jpg
5097,http://d272id9lly1yoc.cloudfront.net/images/5097_af404078db93fffa_b.jpg
5098,http://d272id9lly1yoc.cloudfront.net/images/5098_23ceb2652541a7f8_b.jpg
5099,http://d272id9lly1yoc.cloudfront.net/images/5099_1ab9aad76c37afe7_b.jpg
5100,http://d272id9lly1yoc.cloudfront.net/images/5100_990c906dd8e75355_b.jpg
5101,http://d272id9lly1yoc.cloudfront.net/images/5101_4a6017067efae0b9_b.jpg
5102,http://d272id9lly1yoc.cloudfront.net/images/5102_b46c9f917163cacf_b.jpg
5103,http://d272id9lly1yoc.cloudfront.net/images/5103_7cf98aea6694e038_b.jpg
5104,http://d272id9lly1yoc.cloudfront.net/images/5104_9d60bc5a2e237439_b.jpg
5105,http://d272id9lly1yoc.cloudfront.net/images/5105_ebafa858adb15d03_b.jpg
5106,http://d272id9lly1yoc.cloudfront.net/images/5106_1c3f9f969893b2b2_b.jpg
5107,http://d272id9lly1yoc.cloudfront.net/images/5107_e13bfb7beec9af6d_b.jpg
5108,http://d272id9lly1yoc.cloudfront.net/images/5108_8f2f80aaa83a7d6e_b.jpg
5109,http://d272id9lly1yoc.cloudfront.net/images/5109_5f0283ae6d49bf65_b.jpg
5110,http://d272id9lly1yoc.cloudfront.net/images/5110_e1bef975774bdd42_b.jpg
5111,http://d272id9lly1yoc.cloudfront.net/images/5111_bb33d12322b1e1d4_b.jpg
5112,http://d272id9lly1yoc.cloudfront.net/images/5112_2cf97dc6263391c5_b.jpg
5113,http://d272id9lly1yoc.cloudfront.net/images/5113_d9b9816f7759e51c_b.jpg
5114,http://d272id9lly1yoc.cloudfront.net/images/5114_ef73fbcf15e63f51_b.jpg
5115,http://d272id9lly1yoc.cloudfront.net/images/5115_deba4079c0327513_b.jpg
5116,http://d272id9lly1yoc.cloudfront.net/images/5116_7d789632eb35196e_b.jpg
5119,http://d272id9lly1yoc.cloudfront.net/images/5119_1da7cb09499e4859_b.jpg
5120,http://d272id9lly1yoc.cloudfront.net/images/5120_2748db854a9f20d1_b.jpg
5122,http://d272id9lly1yoc.cloudfront.net/images/5122_14c64e21031c4cd6_b.jpg
5123,http://d272id9lly1yoc.cloudfront.net/images/5123_4e275947ea7f1faf_b.jpg
5124,http://d272id9lly1yoc.cloudfront.net/images/5124_117917398909a9db_b.jpg
5125,http://d272id9lly1yoc.cloudfront.net/images/5125_645708acd7292663_b.jpg
5126,http://d272id9lly1yoc.cloudfront.net/images/5126_6413215c2dcdd08e_b.jpg
5127,http://d272id9lly1yoc.cloudfront.net/images/5127_85511376f22933ad_b.jpg
5128,http://d272id9lly1yoc.cloudfront.net/images/5128_d9914b75b4713c9d_b.jpg
5129,http://d272id9lly1yoc.cloudfront.net/images/5129_849089a930407504_b.jpg
5130,http://d272id9lly1yoc.cloudfront.net/images/5130_116f320f0ee38abd_b.jpg
5131,http://d272id9lly1yoc.cloudfront.net/images/5131_b30a80a1c4a5430f_b.jpg
5133,http://d272id9lly1yoc.cloudfront.net/images/5133_6e90ff156214f2ce_b.jpg
5134,http://d272id9lly1yoc.cloudfront.net/images/5134_dc8d90d5d5d305e8_b.jpg
5135,http://d272id9lly1yoc.cloudfront.net/images/5135_b21980236e0eca28_b.jpg
5136,http://d272id9lly1yoc.cloudfront.net/images/5136_ef54e707fc6df23f_b.jpg
5137,http://d272id9lly1yoc.cloudfront.net/images/5137_699c41c033ff9416_b.jpg
4905,http://d272id9lly1yoc.cloudfront.net/images/4905_c34adabdfe43963b_b.jpg
4906,http://d272id9lly1yoc.cloudfront.net/images/4906_4384acc695858e4f_b.jpg
4907,http://d272id9lly1yoc.cloudfront.net/images/4907_c41561552448e6b5_b.jpg
4908,http://d272id9lly1yoc.cloudfront.net/images/4908_a7b3b2e0909faeb6_b.jpg
4909,http://d272id9lly1yoc.cloudfront.net/images/4909_0dac1d15dd562485_b.jpg
4910,http://d272id9lly1yoc.cloudfront.net/images/4910_8fa1c092dcf4484d_b.jpg
4911,http://d272id9lly1yoc.cloudfront.net/images/4911_493befa765beabad_b.jpg
4997,http://d272id9lly1yoc.cloudfront.net/images/4997_125574434ea2f151_b.jpg
4998,http://d272id9lly1yoc.cloudfront.net/images/4998_40deb67da524462c_b.jpg
4999,http://d272id9lly1yoc.cloudfront.net/images/4999_81c06a085a6ec58e_b.jpg
5000,http://d272id9lly1yoc.cloudfront.net/images/5000_f967f877478d93a4_b.jpg
5001,http://d272id9lly1yoc.cloudfront.net/images/5001_35d310726d58eb74_b.jpg
5002,http://d272id9lly1yoc.cloudfront.net/images/5002_65609d7127a41495_b.jpg
5003,http://d272id9lly1yoc.cloudfront.net/images/5003_92ad85ffeb13d697_b.jpg
5004,http://d272id9lly1yoc.cloudfront.net/images/5004_f25c4feb508f2a61_b.jpg
5005,http://d272id9lly1yoc.cloudfront.net/images/5005_5a00f8600eecb24d_b.jpg
5006,http://d272id9lly1yoc.cloudfront.net/images/5006_65e85ba7a5249cd6_b.jpg
5007,http://d272id9lly1yoc.cloudfront.net/images/5007_df1c0b52dd872adb_b.jpg
5008,http://d272id9lly1yoc.cloudfront.net/images/5008_1c944d3c46442ec1_b.jpg
5009,http://d272id9lly1yoc.cloudfront.net/images/5009_5eca1f75e54469ac_b.jpg
5011,http://d272id9lly1yoc.cloudfront.net/images/5011_786b29b9182ecc0e_b.jpg
5013,http://d272id9lly1yoc.cloudfront.net/images/5013_e2d02d9d7b8eb0d2_b.jpg
5014,http://d272id9lly1yoc.cloudfront.net/images/5014_befe35af8da07c05_b.jpg
5015,http://d272id9lly1yoc.cloudfront.net/images/5015_3e03d7d0b8683c49_b.jpg
5016,http://d272id9lly1yoc.cloudfront.net/images/5016_0dea8667410bf9d7_b.jpg
5017,http://d272id9lly1yoc.cloudfront.net/images/5017_7e0032f0281f9e9c_b.jpg
5018,http://d272id9lly1yoc.cloudfront.net/images/5018_95c799c9d28a537d_b.jpg
5019,http://d272id9lly1yoc.cloudfront.net/images/5019_6229c2f64d8de1fc_b.jpg
5020,http://d272id9lly1yoc.cloudfront.net/images/5020_04daff2cc93a726f_b.jpg
5060,http://d272id9lly1yoc.cloudfront.net/images/5060_be627eaa00a0f642_b.jpg
5061,http://d272id9lly1yoc.cloudfront.net/images/5061_9204c1e6be8b8b9f_b.jpg
5063,http://d272id9lly1yoc.cloudfront.net/images/5063_0279c1ab1e65412b_b.jpg
5064,http://d272id9lly1yoc.cloudfront.net/images/5064_be01a50acf9c0bce_b.jpg
5065,http://d272id9lly1yoc.cloudfront.net/images/5065_82c6a31716a9d9c0_b.jpg
5066,http://d272id9lly1yoc.cloudfront.net/images/5066_8564bccb710ec2fe_b.jpg
5067,http://d272id9lly1yoc.cloudfront.net/images/5067_e26998d9299a878f_b.jpg
5068,http://d272id9lly1yoc.cloudfront.net/images/5068_90f8e1da28a80b83_b.jpg
5069,http://d272id9lly1yoc.cloudfront.net/images/5069_80b5b80b66678891_b.jpg
5070,http://d272id9lly1yoc.cloudfront.net/images/5070_75c84efbecb1a371_b.jpg
5071,http://d272id9lly1yoc.cloudfront.net/images/5071_c5157bd60adfe507_b.jpg
5073,http://d272id9lly1yoc.cloudfront.net/images/5073_1b53d520e153fa9c_b.jpg
5075,http://d272id9lly1yoc.cloudfront.net/images/5075_785e3c0a964a0252_b.jpg
5076,http://d272id9lly1yoc.cloudfront.net/images/5076_6c3071f1cfb6b6e8_b.jpg
5077,http://d272id9lly1yoc.cloudfront.net/images/5077_789c995be7cb0b70_b.jpg
5078,http://d272id9lly1yoc.cloudfront.net/images/5078_86c27ec3fd9b08c9_b.jpg
5079,http://d272id9lly1yoc.cloudfront.net/images/5079_55528820c08a7c80_b.jpg
5080,http://d272id9lly1yoc.cloudfront.net/images/5080_6c2c87213d6e74c1_b.jpg
5081,http://d272id9lly1yoc.cloudfront.net/images/5081_7f273ec09f90b887_b.jpg
5082,http://d272id9lly1yoc.cloudfront.net/images/5082_80e5de7d7c24901e_b.jpg
4712,http://d272id9lly1yoc.cloudfront.net/images/4712_Z2Ojnz4V0yb8jv3r_b.jpg
4713,http://d272id9lly1yoc.cloudfront.net/images/4713_42ba9be899dace3f_b.jpg
4714,http://d272id9lly1yoc.cloudfront.net/images/4714_e89874faf3c00cd2_b.jpg
4715,http://d272id9lly1yoc.cloudfront.net/images/4715_227b332adf2af678_b.jpg
4716,http://d272id9lly1yoc.cloudfront.net/images/4716_b78430004a97ba78_b.jpg
4718,http://d272id9lly1yoc.cloudfront.net/images/4718_b7b77b131f74e007_b.jpg
4719,http://d272id9lly1yoc.cloudfront.net/images/4719_55253f2932e4a461_b.jpg
4720,http://d272id9lly1yoc.cloudfront.net/images/4720_a1c81b4ecdac7b7d_b.jpg
4721,http://d272id9lly1yoc.cloudfront.net/images/4721_eb925786122fa7c6_b.jpg
4722,http://d272id9lly1yoc.cloudfront.net/images/4722_013c30e75f873356_b.jpg
4723,http://d272id9lly1yoc.cloudfront.net/images/4723_b4f60c03ee962be6_b.jpg
4724,http://d272id9lly1yoc.cloudfront.net/images/4724_9bf751074c5332a5_b.jpg
4725,http://d272id9lly1yoc.cloudfront.net/images/4725_5281598da5eaa5fa_b.jpg
4726,http://d272id9lly1yoc.cloudfront.net/images/4726_3190110514baafab_b.jpg
4727,http://d272id9lly1yoc.cloudfront.net/images/4727_e0cb1adfa37ef307_b.jpg
4729,http://d272id9lly1yoc.cloudfront.net/images/4729_f2b049fe039f3514_b.jpg
4730,http://d272id9lly1yoc.cloudfront.net/images/4730_4420991f540e75e2_b.jpg
4731,http://d272id9lly1yoc.cloudfront.net/images/4731_7e14f5b304c23490_b.jpg
4732,http://d272id9lly1yoc.cloudfront.net/images/4732_78396de506232d8b_b.jpg
4733,http://d272id9lly1yoc.cloudfront.net/images/4733_9fc19b025ccb80c0_b.jpg
4734,http://d272id9lly1yoc.cloudfront.net/images/4734_f9ecc7e37468f338_b.jpg
4735,http://d272id9lly1yoc.cloudfront.net/images/4735_718567d92604b3a3_b.jpg
4736,http://d272id9lly1yoc.cloudfront.net/images/4736_43ddf3cc7e7c88fe_b.jpg
4739,http://d272id9lly1yoc.cloudfront.net/images/4739_5769972d293c0942_b.jpg
4741,http://d272id9lly1yoc.cloudfront.net/images/4741_7bae41ff56621031_b.jpg
4742,http://d272id9lly1yoc.cloudfront.net/images/4742_9711e229913327c5_b.jpg
4745,http://d272id9lly1yoc.cloudfront.net/images/4745_f5a33159507f1ce3_b.jpg
4746,http://d272id9lly1yoc.cloudfront.net/images/4746_9f9eb8eca037963b_b.jpg
4747,http://d272id9lly1yoc.cloudfront.net/images/4747_9aad58520ed5ddf1_b.jpg
4749,http://d272id9lly1yoc.cloudfront.net/images/4749_2c06fdb4d36e607d_b.jpg
4750,http://d272id9lly1yoc.cloudfront.net/images/4750_eb27cf5b10a4eaae_b.jpg
4751,http://d272id9lly1yoc.cloudfront.net/images/4751_81061263139195d2_b.jpg
4753,http://d272id9lly1yoc.cloudfront.net/images/4753_2fa454ad3f52efee_b.jpg
4755,http://d272id9lly1yoc.cloudfront.net/images/4755_f766a4b0db654d4e_b.jpg
4756,http://d272id9lly1yoc.cloudfront.net/images/4756_4eb104eeb4bde027_b.jpg
4758,http://d272id9lly1yoc.cloudfront.net/images/4758_7eca57eb36b10321_b.jpg
4759,http://d272id9lly1yoc.cloudfront.net/images/4759_ae9ff73a5a814894_b.jpg
4760,http://d272id9lly1yoc.cloudfront.net/images/4760_e3171b9b3f68e4a6_b.jpg
4761,http://d272id9lly1yoc.cloudfront.net/images/4761_09ac96b12e0db0ff_b.jpg
4762,http://d272id9lly1yoc.cloudfront.net/images/4762_3a2b53f4ada6fe7a_b.jpg
4764,http://d272id9lly1yoc.cloudfront.net/images/4764_1b0e62c80f1fae03_b.jpg
4765,http://d272id9lly1yoc.cloudfront.net/images/4765_c55679eaab8233da_b.jpg
4766,http://d272id9lly1yoc.cloudfront.net/images/4766_445e50f706db7d7b_b.jpg
4767,http://d272id9lly1yoc.cloudfront.net/images/4767_7eb23f4b4c62de3d_b.jpg
4768,http://d272id9lly1yoc.cloudfront.net/images/4768_0412eadf0e5e9f83_b.jpg
4769,http://d272id9lly1yoc.cloudfront.net/images/4769_4c200317e781f1b1_b.jpg
4771,http://d272id9lly1yoc.cloudfront.net/images/4771_1d7fb2bbbff5d84b_b.jpg
4772,http://d272id9lly1yoc.cloudfront.net/images/4772_94f018725b664a55_b.jpg
4773,http://d272id9lly1yoc.cloudfront.net/images/4773_c355bb5ef783b55c_b.jpg
4778,http://d272id9lly1yoc.cloudfront.net/images/4778_1ccde6f81c71e1f0_b.jpg
4819,http://d272id9lly1yoc.cloudfront.net/images/4819_e3c768df4ee47dca_b.jpg
4820,http://d272id9lly1yoc.cloudfront.net/images/4820_933f6a58a60fa9ea_b.jpg
4823,http://d272id9lly1yoc.cloudfront.net/images/4823_09d0508fdcbfce05_b.jpg
4824,http://d272id9lly1yoc.cloudfront.net/images/4824_16bf73f6686f7677_b.jpg
4844,http://d272id9lly1yoc.cloudfront.net/images/4844_5fdf5704e58d66a7_b.jpg
3572,http://d272id9lly1yoc.cloudfront.net/images/3572_519ac9ac710c7622_b.jpg
3577,http://d272id9lly1yoc.cloudfront.net/images/3577_579ca9a8244efd2a_b.jpg
3578,http://d272id9lly1yoc.cloudfront.net/images/3578_34369ae68c4c4609_b.jpg
3579,http://d272id9lly1yoc.cloudfront.net/images/3579_7c3453a0c6e7c0bc_b.jpg
3583,http://d272id9lly1yoc.cloudfront.net/images/3583_71a44a574d396b30_b.jpg
3661,http://d272id9lly1yoc.cloudfront.net/images/3661_482224eea6eb10dc_b.jpg
3929,http://d272id9lly1yoc.cloudfront.net/images/3929_495f571e0ceb8095_b.jpg
4672,http://d272id9lly1yoc.cloudfront.net/images/4672_9a2dfd88cf4abdb6_b.jpg
4673,http://d272id9lly1yoc.cloudfront.net/images/4673_f8b5dc0d973bf2e3_b.jpg
4675,http://d272id9lly1yoc.cloudfront.net/images/4675_91c0ea544aff7083_b.jpg
4676,http://d272id9lly1yoc.cloudfront.net/images/4676_dada790ea075280a_b.jpg
4677,http://d272id9lly1yoc.cloudfront.net/images/4677_d1b0a10343b86434_b.jpg
4691,http://d272id9lly1yoc.cloudfront.net/images/4691_6de8de4eb64cefeb_b.jpg
4692,http://d272id9lly1yoc.cloudfront.net/images/4692_c81a363a6328ae57_b.jpg
4693,http://d272id9lly1yoc.cloudfront.net/images/4693_2af199bb265f3596_b.jpg
4694,http://d272id9lly1yoc.cloudfront.net/images/4694_be0907bf837e6fd9_b.jpg
4702,http://d272id9lly1yoc.cloudfront.net/images/4702_4f39951238106eaf_b.jpg
4703,http://d272id9lly1yoc.cloudfront.net/images/4703_abc2423e23304a54_b.jpg
4704,http://d272id9lly1yoc.cloudfront.net/images/4704_282fec61bf06cc80_b.jpg
4706,http://d272id9lly1yoc.cloudfront.net/images/4706_6c906a9079d69a4e_b.jpg
4707,http://d272id9lly1yoc.cloudfront.net/images/4707_d179175bd78328f0_b.jpg
4709,http://d272id9lly1yoc.cloudfront.net/images/4709_2a0bc7cc2bf48c5c_b.jpg
3406,http://d272id9lly1yoc.cloudfront.net/images/3406_24f9fa75ec88bd96_b.jpg
3420,http://d272id9lly1yoc.cloudfront.net/images/3420_37dcb483b985b57f_b.jpg
3421,http://d272id9lly1yoc.cloudfront.net/images/3421_b3017e2b2e85e15e_b.jpg
3428,http://d272id9lly1yoc.cloudfront.net/images/3428_8448f0f640325e4d_b.jpg
3448,http://d272id9lly1yoc.cloudfront.net/images/3448_21d54387a629c53e_b.jpg
3457,http://d272id9lly1yoc.cloudfront.net/images/3457_cf6a4007c04b5e8f_b.jpg
3459,http://d272id9lly1yoc.cloudfront.net/images/3459_ee1b6efae30156c7_b.jpg
3461,http://d272id9lly1yoc.cloudfront.net/images/3461_434acf923f030366_b.jpg
3462,http://d272id9lly1yoc.cloudfront.net/images/3462_9d32a151a5496e0d_b.jpg
3463,http://d272id9lly1yoc.cloudfront.net/images/3463_506c1d0fb080eaa0_b.jpg
3519,http://d272id9lly1yoc.cloudfront.net/images/3519_d1dfcaefcdcf9bbf_b.jpg
3532,http://d272id9lly1yoc.cloudfront.net/images/3532_6c68e3583c8180af_b.jpg
3539,http://d272id9lly1yoc.cloudfront.net/images/3539_03a2f69cb855face_b.jpg
3543,http://d272id9lly1yoc.cloudfront.net/images/3543_e093de2a2f786fc9_b.jpg
3548,http://d272id9lly1yoc.cloudfront.net/images/3548_957e7dcd39d29a6b_b.jpg
3549,http://d272id9lly1yoc.cloudfront.net/images/3549_900b3f3c59432a83_b.jpg
3550,http://d272id9lly1yoc.cloudfront.net/images/3550_6c1c1e55218f265a_b.jpg
3563,http://d272id9lly1yoc.cloudfront.net/images/3563_9caa3b7929cabd6c_b.jpg
3275,http://d272id9lly1yoc.cloudfront.net/images/3275_7c9f0d16104466de_b.jpg
3361,http://d272id9lly1yoc.cloudfront.net/images/3361_f5eb0b4433ce15d4_b.jpg
3364,http://d272id9lly1yoc.cloudfront.net/images/3364_a5c4f2b868bbddb0_b.jpg
3365,http://d272id9lly1yoc.cloudfront.net/images/3365_3e71d99076b2b43b_b.jpg
3368,http://d272id9lly1yoc.cloudfront.net/images/3368_135fc53a0cf2f1e2_b.jpg
3370,http://d272id9lly1yoc.cloudfront.net/images/3370_6fd053648f5b998a_b.jpg
3371,http://d272id9lly1yoc.cloudfront.net/images/3371_ec1b44ba7b307234_b.jpg
3374,http://d272id9lly1yoc.cloudfront.net/images/3374_9ab9988660f79f04_b.jpg
3376,http://d272id9lly1yoc.cloudfront.net/images/3376_3e349c1a87e86580_b.jpg
3378,http://d272id9lly1yoc.cloudfront.net/images/3378_83469017005a3c6a_b.jpg
3379,http://d272id9lly1yoc.cloudfront.net/images/3379_affd6170fe4249cd_b.jpg
3388,http://d272id9lly1yoc.cloudfront.net/images/3388_da7def29386f025e_b.jpg
3046,http://d272id9lly1yoc.cloudfront.net/images/3046_0064580406d06df6_b.jpg
3047,http://d272id9lly1yoc.cloudfront.net/images/3047_b99ae45bdc58f121_b.jpg
3048,http://d272id9lly1yoc.cloudfront.net/images/3048_0be1606149a8257d_b.jpg
3049,http://d272id9lly1yoc.cloudfront.net/images/3049_32608c431caff0c1_b.jpg
3050,http://d272id9lly1yoc.cloudfront.net/images/3050_1cafffdf9fc7d2f0_b.jpg
3051,http://d272id9lly1yoc.cloudfront.net/images/3051_dea66cec9b082532_b.jpg
3052,http://d272id9lly1yoc.cloudfront.net/images/3052_d9ee3d2e5636fc3b_b.jpg
3061,http://d272id9lly1yoc.cloudfront.net/images/3061_f7713b66daf6d6cf_b.jpg
3096,http://d272id9lly1yoc.cloudfront.net/images/3096_c1b10180dc02a0a9_b.jpg
3098,http://d272id9lly1yoc.cloudfront.net/images/3098_c6b78525635ed032_b.jpg
3099,http://d272id9lly1yoc.cloudfront.net/images/3099_9ede3e466743d47a_b.jpg
3100,http://d272id9lly1yoc.cloudfront.net/images/3100_93923ca98578b101_b.jpg
3103,http://d272id9lly1yoc.cloudfront.net/images/3103_ccd6bcaef017d6db_b.jpg
3166,http://d272id9lly1yoc.cloudfront.net/images/3166_5c9e9f92f02f3e04_b.jpg
3175,http://d272id9lly1yoc.cloudfront.net/images/3175_af6132e33cd74fa0_b.jpg
5169,http://d272id9lly1yoc.cloudfront.net/images/5169_154f31327e2a1d2b_b.jpg
5170,http://d272id9lly1yoc.cloudfront.net/images/5170_65e5bf9e8f922f87_b.jpg
5171,http://d272id9lly1yoc.cloudfront.net/images/5171_84f19eeeaf2d19b7_b.jpg
5172,http://d272id9lly1yoc.cloudfront.net/images/5172_b087a642b4289e8c_b.jpg
5173,http://d272id9lly1yoc.cloudfront.net/images/5173_2c19023a61a799e6_b.jpg
5174,http://d272id9lly1yoc.cloudfront.net/images/5174_14071c60819caa25_b.jpg
5175,http://d272id9lly1yoc.cloudfront.net/images/5175_f370cac5827fe3a9_b.jpg
5176,http://d272id9lly1yoc.cloudfront.net/images/5176_81ec808d2f6c92aa_b.jpg
5177,http://d272id9lly1yoc.cloudfront.net/images/5177_de7e886ddc589cac_b.jpg
5178,http://d272id9lly1yoc.cloudfront.net/images/5178_991bf307fb86ed81_b.jpg
5179,http://d272id9lly1yoc.cloudfront.net/images/5179_fbf9392f6bf85db0_b.jpg
5180,http://d272id9lly1yoc.cloudfront.net/images/5180_100cfd3b9eefd19f_b.jpg
5181,http://d272id9lly1yoc.cloudfront.net/images/5181_bc35f90bffc2f50f_b.jpg
5182,http://d272id9lly1yoc.cloudfront.net/images/5182_396eaaa50ed1ffb1_b.jpg
5183,http://d272id9lly1yoc.cloudfront.net/images/5183_b982403a7c357f78_b.jpg
5184,http://d272id9lly1yoc.cloudfront.net/images/5184_ao2NXROtODcTbBMW_b.jpg
5185,http://d272id9lly1yoc.cloudfront.net/images/5185_b83f257acfdca2f1_b.jpg
5186,http://d272id9lly1yoc.cloudfront.net/images/5186_51c251b4e2e009d4_b.jpg
5187,http://d272id9lly1yoc.cloudfront.net/images/5187_8cbcf2da7e7dd7dd_b.jpg
5188,http://d272id9lly1yoc.cloudfront.net/images/5188_247e250180dd4dc6_b.jpg
5189,http://d272id9lly1yoc.cloudfront.net/images/5189_fb9a3d4748912422_b.jpg
5190,http://d272id9lly1yoc.cloudfront.net/images/5190_0f7e744f05234901_b.jpg
5191,http://d272id9lly1yoc.cloudfront.net/images/5191_3b5e9e7b7159a12e_b.jpg
5192,http://d272id9lly1yoc.cloudfront.net/images/5192_c5890a6dbf8d8803_b.jpg
5194,http://d272id9lly1yoc.cloudfront.net/images/5194_4ebe178df11d3b04_b.jpg
5196,http://d272id9lly1yoc.cloudfront.net/images/5196_13cd763d26879cf8_b.jpg
5197,http://d272id9lly1yoc.cloudfront.net/images/5197_a3dfc6e257536cd9_b.jpg
5198,http://d272id9lly1yoc.cloudfront.net/images/5198_c05299ee02e3f352_b.jpg
5199,http://d272id9lly1yoc.cloudfront.net/images/5199_4134f19dfbe00ace_b.jpg
5201,http://d272id9lly1yoc.cloudfront.net/images/5201_38bd183baa602988_b.jpg
5202,http://d272id9lly1yoc.cloudfront.net/images/5202_ae509226573b2107_b.jpg
5203,http://d272id9lly1yoc.cloudfront.net/images/5203_d83d01a018cfe308_b.jpg
5204,http://d272id9lly1yoc.cloudfront.net/images/5204_a12d2bec75fb0eef_b.jpg
5206,http://d272id9lly1yoc.cloudfront.net/images/5206_5bd6d8cb8950993e_b.jpg
5207,http://d272id9lly1yoc.cloudfront.net/images/5207_80f40aa825bc2f79_b.jpg
5208,http://d272id9lly1yoc.cloudfront.net/images/5208_4bd05fed5cdb0b4f_b.jpg
5209,http://d272id9lly1yoc.cloudfront.net/images/5209_6f36b980345d3f39_b.jpg
5210,http://d272id9lly1yoc.cloudfront.net/images/5210_2b22480f86dc5be8_b.jpg
5211,http://d272id9lly1yoc.cloudfront.net/images/5211_3bdfb40d750a2155_b.jpg
5212,http://d272id9lly1yoc.cloudfront.net/images/5212_225243cc14120b2d_b.jpg
5213,http://d272id9lly1yoc.cloudfront.net/images/5213_AXJT7hLazZtaCW3Y_b.jpg
5215,http://d272id9lly1yoc.cloudfront.net/images/5215_9606aa8b19a553a4_b.jpg
5216,http://d272id9lly1yoc.cloudfront.net/images/5216_0f5f35dc3f99aea5_b.jpg
5217,http://d272id9lly1yoc.cloudfront.net/images/5217_91d4a463e0476d22_b.jpg
5218,http://d272id9lly1yoc.cloudfront.net/images/5218_8aca4d797630e91c_b.jpg
5219,http://d272id9lly1yoc.cloudfront.net/images/5219_8ef2c6552be335eb_b.jpg
5220,http://d272id9lly1yoc.cloudfront.net/images/5220_32eb01ee3cfdd789_b.jpg
5221,http://d272id9lly1yoc.cloudfront.net/images/5221_26d5ffc5c28f335e_b.jpg
5222,http://d272id9lly1yoc.cloudfront.net/images/5222_c2d8267584d91157_b.jpg
5223,http://d272id9lly1yoc.cloudfront.net/images/5223_e30c79b4a72760b9_b.jpg
5224,http://d272id9lly1yoc.cloudfront.net/images/5224_bc54c5ab6152c201_b.jpg
5225,http://d272id9lly1yoc.cloudfront.net/images/5225_89876e6c57e9684d_b.jpg
5226,http://d272id9lly1yoc.cloudfront.net/images/5226_14325e078f2c3b13_b.jpg
5227,http://d272id9lly1yoc.cloudfront.net/images/5227_df37d9c3b974a33d_b.jpg
5228,http://d272id9lly1yoc.cloudfront.net/images/5228_a44785b10bdcaaa9_b.jpg
5229,http://d272id9lly1yoc.cloudfront.net/images/5229_d4769fd78cd362a0_b.jpg
5230,http://d272id9lly1yoc.cloudfront.net/images/5230_6a560c735cdfb252_b.jpg
5232,http://d272id9lly1yoc.cloudfront.net/images/5232_0de79b3f11d60963_b.jpg
5233,http://d272id9lly1yoc.cloudfront.net/images/5233_dc06f19982382ed6_b.jpg
5234,http://d272id9lly1yoc.cloudfront.net/images/5234_8f5ce4df580b1c1c_b.jpg
5305,http://d272id9lly1yoc.cloudfront.net/images/5305_e0e5c45397928fab_b.jpg
5307,http://d272id9lly1yoc.cloudfront.net/images/5307_805628b1a93a6dfc_b.jpg
5309,http://d272id9lly1yoc.cloudfront.net/images/5309_8f936d9c528be892_b.jpg
5310,http://d272id9lly1yoc.cloudfront.net/images/5310_761ea14d5fa02cb5_b.jpg
5311,http://d272id9lly1yoc.cloudfront.net/images/5311_9078dec35dfdd59e_b.jpg
5312,http://d272id9lly1yoc.cloudfront.net/images/5312_1fcd85faa44a3383_b.jpg
5313,http://d272id9lly1yoc.cloudfront.net/images/5313_cc4eae03dee3575e_b.jpg
5314,http://d272id9lly1yoc.cloudfront.net/images/5314_269715dd9c8937e6_b.jpg
5316,http://d272id9lly1yoc.cloudfront.net/images/5316_3574ed5daf6daa56_b.jpg
5317,http://d272id9lly1yoc.cloudfront.net/images/5317_aae18baf69ab5c86_b.jpg
5318,http://d272id9lly1yoc.cloudfront.net/images/5318_ef219a644aa37f6b_b.jpg
5319,http://d272id9lly1yoc.cloudfront.net/images/5319_48521f10deeb972e_b.jpg
5320,http://d272id9lly1yoc.cloudfront.net/images/5320_d0ff0ec5fc998e4d_b.jpg
5321,http://d272id9lly1yoc.cloudfront.net/images/5321_894e787895d64b25_b.jpg
5322,http://d272id9lly1yoc.cloudfront.net/images/5322_126f1ac450f57d53_b.jpg
5323,http://d272id9lly1yoc.cloudfront.net/images/5323_68d4e067886b462e_b.jpg
5324,http://d272id9lly1yoc.cloudfront.net/images/5324_4ae1d2dc384293c2_b.jpg
5325,http://d272id9lly1yoc.cloudfront.net/images/5325_88b7889637adcbd7_b.jpg
5326,http://d272id9lly1yoc.cloudfront.net/images/5326_a2aad0b5afd2b429_b.jpg
5329,http://d272id9lly1yoc.cloudfront.net/images/5329_738e09676e98314e_b.jpg
5334,http://d272id9lly1yoc.cloudfront.net/images/5334_617d861b6dd3b9a1_b.jpg
5419,http://d272id9lly1yoc.cloudfront.net/images/5419_57ad8e5d528fd5bc_b.jpg
5420,http://d272id9lly1yoc.cloudfront.net/images/5420_53ec37ffe7bd7c2d_b.jpg
5422,http://d272id9lly1yoc.cloudfront.net/images/5422_6961025800ff1425_b.jpg
5423,http://d272id9lly1yoc.cloudfront.net/images/5423_3ea57b33618001eb_b.jpg
5425,http://d272id9lly1yoc.cloudfront.net/images/5425_aaa8b01176b2cf84_b.jpg
5427,http://d272id9lly1yoc.cloudfront.net/images/5427_d17ff5ff02b47602_b.jpg
5429,http://d272id9lly1yoc.cloudfront.net/images/5429_4dc1e134ff8e0ea7_b.jpg
5430,http://d272id9lly1yoc.cloudfront.net/images/5430_c041cb4995f19dae_b.jpg
5432,http://d272id9lly1yoc.cloudfront.net/images/5432_fd3369745c087a8c_b.jpg
5433,http://d272id9lly1yoc.cloudfront.net/images/5433_f61a3267d7ba057b_b.jpg
5434,http://d272id9lly1yoc.cloudfront.net/images/5434_ebd968d6e2a91072_b.jpg
5435,http://d272id9lly1yoc.cloudfront.net/images/5435_d9a08a80b7af88de_b.jpg
5437,http://d272id9lly1yoc.cloudfront.net/images/5437_6867588674b6ec1f_b.jpg
5438,http://d272id9lly1yoc.cloudfront.net/images/5438_e95e217ae8aab11a_b.jpg
5439,http://d272id9lly1yoc.cloudfront.net/images/5439_4ba9bb7b373409c4_b.jpg
5440,http://d272id9lly1yoc.cloudfront.net/images/5440_7e00aab8d7b31e8b_b.jpg
5441,http://d272id9lly1yoc.cloudfront.net/images/5441_23435b2acde82ef5_b.jpg
5443,http://d272id9lly1yoc.cloudfront.net/images/5443_10099ff04178b553_b.jpg
5444,http://d272id9lly1yoc.cloudfront.net/images/5444_5bf7d80428d1abc6_b.jpg
5446,http://d272id9lly1yoc.cloudfront.net/images/5446_a5c63860fa202599_b.jpg
5447,http://d272id9lly1yoc.cloudfront.net/images/5447_1672492f7ca0b4c9_b.jpg
5448,http://d272id9lly1yoc.cloudfront.net/images/5448_199c91f2fe47dfb2_b.jpg
5449,http://d272id9lly1yoc.cloudfront.net/images/5449_695865d65606dbae_b.jpg
5450,http://d272id9lly1yoc.cloudfront.net/images/5450_8529b38f2d299d76_b.jpg
5451,http://d272id9lly1yoc.cloudfront.net/images/5451_7f12fdf33fff5f80_b.jpg
5452,http://d272id9lly1yoc.cloudfront.net/images/5452_a031810f91d6027b_b.jpg
5453,http://d272id9lly1yoc.cloudfront.net/images/5453_dfc366c6e67fe89c_b.jpg
5454,http://d272id9lly1yoc.cloudfront.net/images/5454_d72f49474fd6b545_b.jpg
5455,http://d272id9lly1yoc.cloudfront.net/images/5455_df525123e740a32f_b.jpg
5456,http://d272id9lly1yoc.cloudfront.net/images/5456_77b5b30ea8e317eb_b.jpg
5457,http://d272id9lly1yoc.cloudfront.net/images/5457_60a0b22b46e767b8_b.jpg
5458,http://d272id9lly1yoc.cloudfront.net/images/5458_5ce4da141d80aef5_b.jpg
5459,http://d272id9lly1yoc.cloudfront.net/images/5459_b3f2ef6867ea64a6_b.jpg
5460,http://d272id9lly1yoc.cloudfront.net/images/5460_ec12b1f63b151039_b.jpg
5461,http://d272id9lly1yoc.cloudfront.net/images/5461_5c942281d334cdca_b.jpg
5497,http://d272id9lly1yoc.cloudfront.net/images/5497_c011d362142762df_b.jpg
5506,http://d272id9lly1yoc.cloudfront.net/images/5506_dd0393cdf6e43360_b.jpg
5508,http://d272id9lly1yoc.cloudfront.net/images/5508_27ba63514ba81f7a_b.jpg
5511,http://d272id9lly1yoc.cloudfront.net/images/5511_9680a91b118e64ae_b.jpg
5512,http://d272id9lly1yoc.cloudfront.net/images/5512_27fbaee9af2ba248_b.jpg
5513,http://d272id9lly1yoc.cloudfront.net/images/5513_807990d311cf1cd8_b.jpg
5515,http://d272id9lly1yoc.cloudfront.net/images/5515_8960bb8a74c43168_b.jpg
5516,http://d272id9lly1yoc.cloudfront.net/images/5516_9da79d2a22a2b4b3_b.jpg
5517,http://d272id9lly1yoc.cloudfront.net/images/5517_f22cc109e1435e25_b.jpg
5518,http://d272id9lly1yoc.cloudfront.net/images/5518_0a70cc47ca936486_b.jpg
5519,http://d272id9lly1yoc.cloudfront.net/images/5519_0fe8821174c056c9_b.jpg
5520,http://d272id9lly1yoc.cloudfront.net/images/5520_c891f75b5a7aa106_b.jpg
5521,http://d272id9lly1yoc.cloudfront.net/images/5521_e83e14f3f0b6d01c_b.jpg
5522,http://d272id9lly1yoc.cloudfront.net/images/5522_f0ab6ed5934fa527_b.jpg
5524,http://d272id9lly1yoc.cloudfront.net/images/5524_be10ef801872378d_b.jpg
5526,http://d272id9lly1yoc.cloudfront.net/images/5526_caef2e1659d04795_b.jpg
5529,http://d272id9lly1yoc.cloudfront.net/images/5529_033cc7affeda6e31_b.jpg
5530,http://d272id9lly1yoc.cloudfront.net/images/5530_10c5946c74347203_b.jpg
5532,http://d272id9lly1yoc.cloudfront.net/images/5532_93f750b46ae0d3c8_b.jpg
5533,http://d272id9lly1yoc.cloudfront.net/images/5533_270a0274abd25e6b_b.jpg
5535,http://d272id9lly1yoc.cloudfront.net/images/5535_56eb07f3e217a1da_b.jpg
5537,http://d272id9lly1yoc.cloudfront.net/images/5537_553ad7049e46235f_b.jpg
5538,http://d272id9lly1yoc.cloudfront.net/images/5538_bb59a5ee76bc6a90_b.jpg
5540,http://d272id9lly1yoc.cloudfront.net/images/5540_7bdc78505da4d93c_b.jpg
5543,http://d272id9lly1yoc.cloudfront.net/images/5543_5516e4abf5e62295_b.jpg
5546,http://d272id9lly1yoc.cloudfront.net/images/5546_78375507522f6df5_b.jpg
5551,http://d272id9lly1yoc.cloudfront.net/images/5551_7e23efcdee9ed712_b.jpg
5552,http://d272id9lly1yoc.cloudfront.net/images/5552_497495389dc44156_b.jpg
5553,http://d272id9lly1yoc.cloudfront.net/images/5553_901105aded8431a6_b.jpg
5635,http://d272id9lly1yoc.cloudfront.net/images/5635_91fd1b591817d004_b.jpg
5643,http://d272id9lly1yoc.cloudfront.net/images/5643_72e97f44d90d5b1a_b.jpg
5644,http://d272id9lly1yoc.cloudfront.net/images/5644_82aa998b9b11a302_b.jpg
5645,http://d272id9lly1yoc.cloudfront.net/images/5645_e0b6c8ab0e382090_b.jpg
5646,http://d272id9lly1yoc.cloudfront.net/images/5646_d0c863e769485ab2_b.jpg
5647,http://d272id9lly1yoc.cloudfront.net/images/5647_0fb60759336c6207_b.jpg
5648,http://d272id9lly1yoc.cloudfront.net/images/5648_d3c8b83653fb2bad_b.jpg
5649,http://d272id9lly1yoc.cloudfront.net/images/5649_60b6e9c599e5f1b9_b.jpg
5650,http://d272id9lly1yoc.cloudfront.net/images/5650_bb571686b255ef10_b.jpg
5651,http://d272id9lly1yoc.cloudfront.net/images/5651_899e5b459517a75b_b.jpg
5652,http://d272id9lly1yoc.cloudfront.net/images/5652_51bd5fb2034e4eec_b.jpg
5653,http://d272id9lly1yoc.cloudfront.net/images/5653_7f7234ce0779b658_b.jpg
5654,http://d272id9lly1yoc.cloudfront.net/images/5654_daada753b425b3f4_b.jpg
5655,http://d272id9lly1yoc.cloudfront.net/images/5655_c395343088728a24_b.jpg
5656,http://d272id9lly1yoc.cloudfront.net/images/5656_8c9b07d772375994_b.jpg
5657,http://d272id9lly1yoc.cloudfront.net/images/5657_780aa97142611e47_b.jpg
5658,http://d272id9lly1yoc.cloudfront.net/images/5658_16dd891d684a96df_b.jpg
5659,http://d272id9lly1yoc.cloudfront.net/images/5659_eeaafe235003eacd_b.jpg
5660,http://d272id9lly1yoc.cloudfront.net/images/5660_p4y4qHbDrrrvbLNy_b.jpg
5661,http://d272id9lly1yoc.cloudfront.net/images/5661_3103a07f7b9ec554_b.jpg
5662,http://d272id9lly1yoc.cloudfront.net/images/5662_5033156580fad2bb_b.jpg
5663,http://d272id9lly1yoc.cloudfront.net/images/5663_aafa497b7f68e7d6_b.jpg
5664,http://d272id9lly1yoc.cloudfront.net/images/5664_00f72cb893c3fde5_b.jpg
5665,http://d272id9lly1yoc.cloudfront.net/images/5665_7acd1b1b45c94d67_b.jpg
5666,http://d272id9lly1yoc.cloudfront.net/images/5666_19d021e85b68353e_b.jpg
5667,http://d272id9lly1yoc.cloudfront.net/images/5667_51197e4412e7ef6f_b.jpg
5668,http://d272id9lly1yoc.cloudfront.net/images/5668_d575cac6075e65a3_b.jpg
5669,http://d272id9lly1yoc.cloudfront.net/images/5669_55981045c1df6418_b.jpg
5670,http://d272id9lly1yoc.cloudfront.net/images/5670_1cfecf8925c9316e_b.jpg
5672,http://d272id9lly1yoc.cloudfront.net/images/5672_9e20cd3bdf206f0f_b.jpg
5673,http://d272id9lly1yoc.cloudfront.net/images/5673_33a08f0bb96dc7b0_b.jpg
5674,http://d272id9lly1yoc.cloudfront.net/images/5674_9ff09709ee724045_b.jpg
5675,http://d272id9lly1yoc.cloudfront.net/images/5675_52682072fa7bf124_b.jpg
5676,http://d272id9lly1yoc.cloudfront.net/images/5676_6b326e1769bf4cad_b.jpg
5677,http://d272id9lly1yoc.cloudfront.net/images/5677_a5841f99c017a96b_b.jpg
5689,http://d272id9lly1yoc.cloudfront.net/images/5689_49de99a5a0590d24_b.jpg
5690,http://d272id9lly1yoc.cloudfront.net/images/5690_c1985f06670d7e4b_b.jpg
5691,http://d272id9lly1yoc.cloudfront.net/images/5691_zUt7AC9EAHE5TNCS_b.jpg
5692,http://d272id9lly1yoc.cloudfront.net/images/5692_57d63f72d0b357d7_b.jpg
5693,http://d272id9lly1yoc.cloudfront.net/images/5693_82ad9db444a8fbf2_b.jpg
5694,http://d272id9lly1yoc.cloudfront.net/images/5694_E5KMhBXZU7F1IFE8_b.jpg
5695,http://d272id9lly1yoc.cloudfront.net/images/5695_32810eecd933a8d3_b.jpg
5696,http://d272id9lly1yoc.cloudfront.net/images/5696_d94e0ac660c351d4_b.jpg
5697,http://d272id9lly1yoc.cloudfront.net/images/5697_dc3b925ed85e59d2_b.jpg
5698,http://d272id9lly1yoc.cloudfront.net/images/5698_c0e14b4cd76cdcdc_b.jpg
5699,http://d272id9lly1yoc.cloudfront.net/images/5699_c1265508995a225d_b.jpg
5700,http://d272id9lly1yoc.cloudfront.net/images/5700_6ba7c6350312311a_b.jpg
5701,http://d272id9lly1yoc.cloudfront.net/images/5701_1a50dc27e098abb0_b.jpg
5703,http://d272id9lly1yoc.cloudfront.net/images/5703_fab52aaa3c6cff86_b.jpg
5704,http://d272id9lly1yoc.cloudfront.net/images/5704_419b50dd61656780_b.jpg
5705,http://d272id9lly1yoc.cloudfront.net/images/5705_39cc629e82571cb5_b.jpg
5706,http://d272id9lly1yoc.cloudfront.net/images/5706_a3fc1e1b04f838d0_b.jpg
5707,http://d272id9lly1yoc.cloudfront.net/images/5707_6bd2cd8b374879e6_b.jpg
5708,http://d272id9lly1yoc.cloudfront.net/images/5708_55fd3bbc2b8ea2b9_b.jpg
5709,http://d272id9lly1yoc.cloudfront.net/images/5709_d00e9701e750f327_b.jpg
5710,http://d272id9lly1yoc.cloudfront.net/images/5710_486367c01c3c5d3c_b.jpg
5712,http://d272id9lly1yoc.cloudfront.net/images/5712_6326191172de696c_b.jpg
5727,http://d272id9lly1yoc.cloudfront.net/images/5727_a0eeeebcaccc500f_b.jpg
5734,http://d272id9lly1yoc.cloudfront.net/images/5734_8a5044f7058e823c_b.jpg
5736,http://d272id9lly1yoc.cloudfront.net/images/5736_5faf2ede429b870b_b.jpg
5739,http://d272id9lly1yoc.cloudfront.net/images/5739_67ac8092851d4b2d_b.jpg
5742,http://d272id9lly1yoc.cloudfront.net/images/5742_ffa35d48a5906f3c_b.jpg
5744,http://d272id9lly1yoc.cloudfront.net/images/5744_7f19fffd5bccab3c_b.jpg
5749,http://d272id9lly1yoc.cloudfront.net/images/5749_1ad35fcb9277feb2_b.jpg
5750,http://d272id9lly1yoc.cloudfront.net/images/5750_4ca51b1dd458600b_b.jpg
5758,http://d272id9lly1yoc.cloudfront.net/images/5758_b3fe4eaf14f1f0cd_b.jpg
5759,http://d272id9lly1yoc.cloudfront.net/images/5759_781d18ebc472b23c_b.jpg
5761,http://d272id9lly1yoc.cloudfront.net/images/5761_05ef1bf39d92e253_b.jpg
5762,http://d272id9lly1yoc.cloudfront.net/images/5762_45396d833ad24544_b.jpg
5763,http://d272id9lly1yoc.cloudfront.net/images/5763_193112c8c0494c32_b.jpg
5764,http://d272id9lly1yoc.cloudfront.net/images/5764_e155d734ef69cf33_b.jpg
5765,http://d272id9lly1yoc.cloudfront.net/images/5765_9d4e40cf55be384c_b.jpg
5773,http://d272id9lly1yoc.cloudfront.net/images/5773_89IrCB1gIvdvE0GV_b.jpg
5774,http://d272id9lly1yoc.cloudfront.net/images/5774_78bc6318db131454_b.jpg
5775,http://d272id9lly1yoc.cloudfront.net/images/5775_dfd52a719fc6bf4a_b.jpg
5776,http://d272id9lly1yoc.cloudfront.net/images/5776_40780647e9c9e9ad_b.jpg
5777,http://d272id9lly1yoc.cloudfront.net/images/5777_4890ac84af807690_b.jpg
5778,http://d272id9lly1yoc.cloudfront.net/images/5778_a49bbc73d54f72d5_b.jpg
5779,http://d272id9lly1yoc.cloudfront.net/images/5779_07bc4c7f3484924c_b.jpg
5780,http://d272id9lly1yoc.cloudfront.net/images/5780_9e7628a750c04cfd_b.jpg
5783,http://d272id9lly1yoc.cloudfront.net/images/5783_7bca800eac1f0375_b.jpg
5784,http://d272id9lly1yoc.cloudfront.net/images/5784_a18e266473c4bcb9_b.jpg
5785,http://d272id9lly1yoc.cloudfront.net/images/5785_31e670e01413244f_b.jpg
5786,http://d272id9lly1yoc.cloudfront.net/images/5786_d117004e5aa2067a_b.jpg
5787,http://d272id9lly1yoc.cloudfront.net/images/5787_6532d3e60bf22e1c_b.jpg
5789,http://d272id9lly1yoc.cloudfront.net/images/5789_122e44e9ea665464_b.jpg
5790,http://d272id9lly1yoc.cloudfront.net/images/5790_c6658d820d194de8_b.jpg
5791,http://d272id9lly1yoc.cloudfront.net/images/5791_73e1b58c6d977d43_b.jpg
5792,http://d272id9lly1yoc.cloudfront.net/images/5792_40f53bc6ccfa6ddb_b.jpg
5793,http://d272id9lly1yoc.cloudfront.net/images/5793_a9e06acec84c44bf_b.jpg
5794,http://d272id9lly1yoc.cloudfront.net/images/5794_23d411f323e50e5d_b.jpg
5795,http://d272id9lly1yoc.cloudfront.net/images/5795_30f15049b214bae8_b.jpg
5796,http://d272id9lly1yoc.cloudfront.net/images/5796_7153b8c891d88996_b.jpg
5797,http://d272id9lly1yoc.cloudfront.net/images/5797_01864ef55e0e20a2_b.jpg
5798,http://d272id9lly1yoc.cloudfront.net/images/5798_ce04b6360d228a09_b.jpg
5799,http://d272id9lly1yoc.cloudfront.net/images/5799_949ac012b73a8d02_b.jpg
5800,http://d272id9lly1yoc.cloudfront.net/images/5800_f07a0e14dbbe6f0c_b.jpg
5801,http://d272id9lly1yoc.cloudfront.net/images/5801_7447151a6e97937e_b.jpg
5802,http://d272id9lly1yoc.cloudfront.net/images/5802_2ea0821e723bf44d_b.jpg
5803,http://d272id9lly1yoc.cloudfront.net/images/5803_2231e3240d1c23ea_b.jpg
5804,http://d272id9lly1yoc.cloudfront.net/images/5804_0b67c04733faca08_b.jpg
5805,http://d272id9lly1yoc.cloudfront.net/images/5805_a04f8b8583ba8d1d_b.jpg
5806,http://d272id9lly1yoc.cloudfront.net/images/5806_393b5bae5578d16f_b.jpg
5807,http://d272id9lly1yoc.cloudfront.net/images/5807_938fd99aa298c618_b.jpg
5808,http://d272id9lly1yoc.cloudfront.net/images/5808_5ed10b88159bd146_b.jpg
5809,http://d272id9lly1yoc.cloudfront.net/images/5809_529c8516e465a5b1_b.jpg
5810,http://d272id9lly1yoc.cloudfront.net/images/5810_900ba80d1f90b563_b.jpg
5811,http://d272id9lly1yoc.cloudfront.net/images/5811_828a4d76f527f9b3_b.jpg
5824,http://d272id9lly1yoc.cloudfront.net/images/5824_d0eb860bd49455a4_b.jpg
5825,http://d272id9lly1yoc.cloudfront.net/images/5825_164095b5dcc52ad1_b.jpg
5826,http://d272id9lly1yoc.cloudfront.net/images/5826_14cda9bb0426fff2_b.jpg
5827,http://d272id9lly1yoc.cloudfront.net/images/5827_73a52347387b61d1_b.jpg
5828,http://d272id9lly1yoc.cloudfront.net/images/5828_ac5e315cea23b346_b.jpg
5829,http://d272id9lly1yoc.cloudfront.net/images/5829_00235892bfb7383e_b.jpg
5830,http://d272id9lly1yoc.cloudfront.net/images/5830_88731411aa7dadd2_b.jpg
5831,http://d272id9lly1yoc.cloudfront.net/images/5831_bf74c76c7a78788e_b.jpg
5832,http://d272id9lly1yoc.cloudfront.net/images/5832_12971f46e1aac040_b.jpg
5833,http://d272id9lly1yoc.cloudfront.net/images/5833_1731b79115d082c3_b.jpg
5834,http://d272id9lly1yoc.cloudfront.net/images/5834_4212f132582f57e3_b.jpg
5835,http://d272id9lly1yoc.cloudfront.net/images/5835_4a4020e307d3d148_b.jpg
5836,http://d272id9lly1yoc.cloudfront.net/images/5836_f4931266984e9cfa_b.jpg
5837,http://d272id9lly1yoc.cloudfront.net/images/5837_fR5tF80JdggmGnky_b.jpg
5839,http://d272id9lly1yoc.cloudfront.net/images/5839_1ea70ba77a2dadd0_b.jpg
5840,http://d272id9lly1yoc.cloudfront.net/images/5840_xeH4roAhzIEhgFgM_b.jpg
5841,http://d272id9lly1yoc.cloudfront.net/images/5841_613d0cf64bb6276c_b.jpg
5842,http://d272id9lly1yoc.cloudfront.net/images/5842_2387f6b7f4c8e468_b.jpg
5843,http://d272id9lly1yoc.cloudfront.net/images/5843_4957c80001f82c29_b.jpg
5844,http://d272id9lly1yoc.cloudfront.net/images/5844_f2c0fd6d611ecc8c_b.jpg
5876,http://d272id9lly1yoc.cloudfront.net/images/5876_d764a962016f0172_b.jpg
5877,http://d272id9lly1yoc.cloudfront.net/images/5877_5adfa565fd153895_b.jpg
5878,http://d272id9lly1yoc.cloudfront.net/images/5878_e27efe29bcd6c062_b.jpg
5879,http://d272id9lly1yoc.cloudfront.net/images/5879_f22ee02d1b1a1bf5_b.jpg
5880,http://d272id9lly1yoc.cloudfront.net/images/5880_c2924e594dc3d4ea_b.jpg
5881,http://d272id9lly1yoc.cloudfront.net/images/5881_d19027c76f6f0b21_b.jpg
5882,http://d272id9lly1yoc.cloudfront.net/images/5882_9c9d4dc8483f0756_b.jpg
5883,http://d272id9lly1yoc.cloudfront.net/images/5883_39ca4f6f3ff7f12e_b.jpg
5884,http://d272id9lly1yoc.cloudfront.net/images/5884_67380264c82abcdc_b.jpg
6024,http://d272id9lly1yoc.cloudfront.net/images/6024_f1ca2cb541e0dae7_b.jpg
6025,http://d272id9lly1yoc.cloudfront.net/images/6025_5e55827be14be5ca_b.jpg
6026,http://d272id9lly1yoc.cloudfront.net/images/6026_c155e3528d184772_b.jpg
6027,http://d272id9lly1yoc.cloudfront.net/images/6027_449404c848cccdac_b.jpg
6028,http://d272id9lly1yoc.cloudfront.net/images/6028_31c8f2975baac87d_b.jpg
6029,http://d272id9lly1yoc.cloudfront.net/images/6029_f90daadf48af2b0c_b.jpg
6030,http://d272id9lly1yoc.cloudfront.net/images/6030_1a269fc96c8a873e_b.jpg
6031,http://d272id9lly1yoc.cloudfront.net/images/6031_44f7322a0dbc395e_b.jpg
6032,http://d272id9lly1yoc.cloudfront.net/images/6032_6b062c9fe7a6974d_b.jpg
6033,http://d272id9lly1yoc.cloudfront.net/images/6033_a3f272ad1e121cc2_b.jpg
6034,http://d272id9lly1yoc.cloudfront.net/images/6034_1fe00eadbc89c61e_b.jpg
6035,http://d272id9lly1yoc.cloudfront.net/images/6035_001e53a5e1453de2_b.jpg
6036,http://d272id9lly1yoc.cloudfront.net/images/6036_af13f99c0e4e9746_b.jpg
6037,http://d272id9lly1yoc.cloudfront.net/images/6037_4d24adfcaa391006_b.jpg
6038,http://d272id9lly1yoc.cloudfront.net/images/6038_2eb37d028517a232_b.jpg
6039,http://d272id9lly1yoc.cloudfront.net/images/6039_0a3f796904104c94_b.jpg
6040,http://d272id9lly1yoc.cloudfront.net/images/6040_302faff7b6e65f8d_b.jpg
6041,http://d272id9lly1yoc.cloudfront.net/images/6041_d4dc93070b0126eb_b.jpg
6042,http://d272id9lly1yoc.cloudfront.net/images/6042_c0cc3aed1d913976_b.jpg
6043,http://d272id9lly1yoc.cloudfront.net/images/6043_042ee7b330d598e7_b.jpg
6044,http://d272id9lly1yoc.cloudfront.net/images/6044_b58db3ce1078aa49_b.jpg
6045,http://d272id9lly1yoc.cloudfront.net/images/6045_58f36ea44e0b1b09_b.jpg
6046,http://d272id9lly1yoc.cloudfront.net/images/6046_b1bcf6c6122526b9_b.jpg
6047,http://d272id9lly1yoc.cloudfront.net/images/6047_c2636cd0215a9066_b.jpg
6048,http://d272id9lly1yoc.cloudfront.net/images/6048_939749b4ff2ac143_b.jpg
6049,http://d272id9lly1yoc.cloudfront.net/images/6049_f256055c341ebeba_b.jpg
6050,http://d272id9lly1yoc.cloudfront.net/images/6050_16f25df8fcc391c5_b.jpg
6051,http://d272id9lly1yoc.cloudfront.net/images/6051_efa163e0223a0b24_b.jpg
6052,http://d272id9lly1yoc.cloudfront.net/images/6052_41ae8905db4a476c_b.jpg
6053,http://d272id9lly1yoc.cloudfront.net/images/6053_2383e857dcc94ad6_b.jpg
6054,http://d272id9lly1yoc.cloudfront.net/images/6054_335bf655218be2e7_b.jpg
6055,http://d272id9lly1yoc.cloudfront.net/images/6055_08b8352b2671ef6e_b.jpg
6056,http://d272id9lly1yoc.cloudfront.net/images/6056_fd86130e56f91da5_b.jpg
6057,http://d272id9lly1yoc.cloudfront.net/images/6057_c3f6027c5d0af643_b.jpg
6058,http://d272id9lly1yoc.cloudfront.net/images/6058_5767aede95fb3e50_b.jpg
6059,http://d272id9lly1yoc.cloudfront.net/images/6059_84b344702fc0208e_b.jpg
6060,http://d272id9lly1yoc.cloudfront.net/images/6060_36a3c8d99ffea202_b.jpg
6061,http://d272id9lly1yoc.cloudfront.net/images/6061_5aff2daa6b4874eb_b.jpg
6063,http://d272id9lly1yoc.cloudfront.net/images/6063_20568ab6a5171fea_b.jpg
6064,http://d272id9lly1yoc.cloudfront.net/images/6064_70ebd41d36a3d3c5_b.jpg
6065,http://d272id9lly1yoc.cloudfront.net/images/6065_66feed66e242d42b_b.jpg
6066,http://d272id9lly1yoc.cloudfront.net/images/6066_6a1df920353e79c0_b.jpg
6067,http://d272id9lly1yoc.cloudfront.net/images/6067_8a5db925882fcafa_b.jpg
6068,http://d272id9lly1yoc.cloudfront.net/images/6068_eda5322b4885c497_b.jpg
6069,http://d272id9lly1yoc.cloudfront.net/images/6069_366fa977573a827a_b.jpg
6070,http://d272id9lly1yoc.cloudfront.net/images/6070_4ca3c9a0f6e32e5e_b.jpg
6071,http://d272id9lly1yoc.cloudfront.net/images/6071_f9ff0751657fbb7c_b.jpg
6072,http://d272id9lly1yoc.cloudfront.net/images/6072_8db5d08b79635f58_b.jpg
6073,http://d272id9lly1yoc.cloudfront.net/images/6073_1bebc1dce2ba11e1_b.jpg
6074,http://d272id9lly1yoc.cloudfront.net/images/6074_ed95e56342f62fff_b.jpg
6075,http://d272id9lly1yoc.cloudfront.net/images/6075_bdcbb43ba6ff0d82_b.jpg
6076,http://d272id9lly1yoc.cloudfront.net/images/6076_c02b2aea967e2960_b.jpg
6077,http://d272id9lly1yoc.cloudfront.net/images/6077_5b637044e46eb733_b.jpg
6078,http://d272id9lly1yoc.cloudfront.net/images/6078_8c187dae9b98952a_b.jpg
6267,http://d272id9lly1yoc.cloudfront.net/images/6267_dd87e58735fc825d_b.jpg
6268,http://d272id9lly1yoc.cloudfront.net/images/6268_110a8489b25e04d0_b.jpg
6269,http://d272id9lly1yoc.cloudfront.net/images/6269_bc778ecf05209dec_b.jpg
6270,http://d272id9lly1yoc.cloudfront.net/images/6270_b1d47c2e146fa6d9_b.jpg
6271,http://d272id9lly1yoc.cloudfront.net/images/6271_TU6TObiPUSv9RHEq_b.jpg
6272,http://d272id9lly1yoc.cloudfront.net/images/6272_7e2d480524d439fd_b.jpg
6274,http://d272id9lly1yoc.cloudfront.net/images/6274_4feeeff69090870d_b.jpg
6275,http://d272id9lly1yoc.cloudfront.net/images/6275_b066e5a73865de1b_b.jpg
6276,http://d272id9lly1yoc.cloudfront.net/images/6276_eb73a91e0f4fb96c_b.jpg
6277,http://d272id9lly1yoc.cloudfront.net/images/6277_2b257936185668a5_b.jpg
6279,http://d272id9lly1yoc.cloudfront.net/images/6279_1bfb62190e9e15e9_b.jpg
6280,http://d272id9lly1yoc.cloudfront.net/images/6280_622189ebbf418053_b.jpg
6281,http://d272id9lly1yoc.cloudfront.net/images/6281_d854122d4f545324_b.jpg
6282,http://d272id9lly1yoc.cloudfront.net/images/6282_25dad145aa186cbf_b.jpg
6283,http://d272id9lly1yoc.cloudfront.net/images/6283_130ed133473d4d58_b.jpg
6284,http://d272id9lly1yoc.cloudfront.net/images/6284_7167caf9641d6083_b.jpg
6285,http://d272id9lly1yoc.cloudfront.net/images/6285_12b7083bd0539aa1_b.jpg
6286,http://d272id9lly1yoc.cloudfront.net/images/6286_0a50474e12441f49_b.jpg
6287,http://d272id9lly1yoc.cloudfront.net/images/6287_bd384be39f4acbef_b.jpg
6288,http://d272id9lly1yoc.cloudfront.net/images/6288_f55f1f6ed0d229da_b.jpg
6289,http://d272id9lly1yoc.cloudfront.net/images/6289_186eadf71480a119_b.jpg
6290,http://d272id9lly1yoc.cloudfront.net/images/6290_c6da026f0528d712_b.jpg
6291,http://d272id9lly1yoc.cloudfront.net/images/6291_f8622bf921ecaee2_b.jpg
6292,http://d272id9lly1yoc.cloudfront.net/images/6292_f9794c72e8c9b36f_b.jpg
6293,http://d272id9lly1yoc.cloudfront.net/images/6293_7f080e4996cfc0e7_b.jpg
6294,http://d272id9lly1yoc.cloudfront.net/images/6294_edf3acb976c8b3e1_b.jpg
6295,http://d272id9lly1yoc.cloudfront.net/images/6295_0ae357a2f9d0041a_b.jpg
6296,http://d272id9lly1yoc.cloudfront.net/images/6296_5638701f0fc559da_b.jpg
6297,http://d272id9lly1yoc.cloudfront.net/images/6297_7eabad79c3105c52_b.jpg
6298,http://d272id9lly1yoc.cloudfront.net/images/6298_b13efc233a9d60f5_b.jpg
6302,http://d272id9lly1yoc.cloudfront.net/images/6302_e46542622b40e769_b.jpg
6303,http://d272id9lly1yoc.cloudfront.net/images/6303_d53261b9059cb2f8_b.jpg
3191,http://d272id9lly1yoc.cloudfront.net/images/3191_7de9957ef8bd9f92_b.jpg
3354,http://d272id9lly1yoc.cloudfront.net/images/3354_2abaec97ad83ff12_b.jpg
3355,http://d272id9lly1yoc.cloudfront.net/images/3355_c044e4b2cb3ce497_b.jpg
7076,http://d272id9lly1yoc.cloudfront.net/images/7076_6ee229bc8752b368_b.jpg
7098,http://d272id9lly1yoc.cloudfront.net/images/7098_f628cb7668acb367_b.jpg
7955,http://d272id9lly1yoc.cloudfront.net/images/7955_cd746dce7c366649_b.jpg
7344,http://d272id9lly1yoc.cloudfront.net/images/7344_2353ea6105e8cc47_b.jpg
6919,http://d272id9lly1yoc.cloudfront.net/images/6919_a1613afb5633b783_b.jpg
3399,http://d272id9lly1yoc.cloudfront.net/images/3399_8a299d22375e9146_b.jpg
6359,http://d272id9lly1yoc.cloudfront.net/images/6359_f5c8fbfd09463f70_b.jpg